1779051171206	geckodriver	INFO	Listening on 127.0.0.1:38751
1779051172590	mozrunner::runner	INFO	Running command: MOZ_CRASHREPORTER="1" MOZ_CRASHREPORTER_NO_REPORT="1" MOZ_CRASHREPORTER_SHUTDOWN="1" "/usr/bin/firefox" "--m ... 80" "--remote-debugging-port" "53299" "--remote-allow-hosts" "localhost" "-no-remote" "-profile" "/tmp/rust_mozprofileWe6UvV"
*** You are running in headless mode.
console.warn: services.settings: Ignoring preference override of remote settings server
console.warn: services.settings: Allow by setting MOZ_REMOTE_SETTINGS_DEVTOOLS=1 in the environment
1779051181623	Marionette	INFO	Marionette enabled
console.error: "Warning: unrecognized command line flag" "-width"
console.error: "Warning: unrecognized command line flag" "-height"
1779051182642	Marionette	INFO	Listening on port 41641
Read port: 41641
Read port: 41641
WebDriver BiDi listening on ws://127.0.0.1:53299
Read port: 41641
1779051186032	RemoteAgent	WARN	TLS certificate errors will be ignored for this session
[GFX1-]: RenderCompositorSWGL failed mapping default framebuffer, no dt
console.warn: RSLoader: Recipe new-tab-150120260304231049-to-release-only-148 not returned from collection nimbus-secure-experiments because it contains feature newtabTrainhopAddon, which is disallowed for that collection.
console.warn: RSLoader: Recipe new-tab-151220260328211913-to-beta-150 not returned from collection nimbus-secure-experiments because it contains feature newtabTrainhopAddon, which is disallowed for that collection.
console.warn: RSLoader: Recipe new-tab-151220260328211913-to-release-149 not returned from collection nimbus-secure-experiments because it contains feature newtabTrainhopAddon, which is disallowed for that collection.
console.warn: RSLoader: Recipe new-tab-151220260328211913-to-release-only-149 not returned from collection nimbus-secure-experiments because it contains feature newtabTrainhopAddon, which is disallowed for that collection.
console.warn: RSLoader: Recipe new-tab-151320260419192959-to-release-150-151 not returned from collection nimbus-secure-experiments because it contains feature newtabTrainhopAddon, which is disallowed for that collection.
console.warn: RSLoader: Recipe new-tab-15202026050433143-to-release-150 not returned from collection nimbus-secure-experiments because it contains feature newtabTrainhopAddon, which is disallowed for that collection.
1779052023263	geckodriver	INFO	Listening on 127.0.0.1:36385
1779052024216	mozrunner::runner	INFO	Running command: MOZ_CRASHREPORTER="1" MOZ_CRASHREPORTER_NO_REPORT="1" MOZ_CRASHREPORTER_SHUTDOWN="1" "/usr/bin/firefox" "--m ... 80" "--remote-debugging-port" "45753" "--remote-allow-hosts" "localhost" "-no-remote" "-profile" "/tmp/rust_mozprofileTIjIK6"
*** You are running in headless mode.
console.warn: services.settings: Ignoring preference override of remote settings server
console.warn: services.settings: Allow by setting MOZ_REMOTE_SETTINGS_DEVTOOLS=1 in the environment
1779052026973	Marionette	INFO	Marionette enabled
console.error: "Warning: unrecognized command line flag" "-width"
console.error: "Warning: unrecognized command line flag" "-height"
1779052027638	Marionette	INFO	Listening on port 44641
WebDriver BiDi listening on ws://127.0.0.1:45753
Read port: 44641
1779052028161	RemoteAgent	WARN	TLS certificate errors will be ignored for this session
[GFX1-]: RenderCompositorSWGL failed mapping default framebuffer, no dt
console.warn: RSLoader: Recipe new-tab-150120260304231049-to-release-only-148 not returned from collection nimbus-secure-experiments because it contains feature newtabTrainhopAddon, which is disallowed for that collection.
console.warn: RSLoader: Recipe new-tab-151220260328211913-to-beta-150 not returned from collection nimbus-secure-experiments because it contains feature newtabTrainhopAddon, which is disallowed for that collection.
console.warn: RSLoader: Recipe new-tab-151220260328211913-to-release-149 not returned from collection nimbus-secure-experiments because it contains feature newtabTrainhopAddon, which is disallowed for that collection.
console.warn: RSLoader: Recipe new-tab-151220260328211913-to-release-only-149 not returned from collection nimbus-secure-experiments because it contains feature newtabTrainhopAddon, which is disallowed for that collection.
console.warn: RSLoader: Recipe new-tab-151320260419192959-to-release-150-151 not returned from collection nimbus-secure-experiments because it contains feature newtabTrainhopAddon, which is disallowed for that collection.
console.warn: RSLoader: Recipe new-tab-15202026050433143-to-release-150 not returned from collection nimbus-secure-experiments because it contains feature newtabTrainhopAddon, which is disallowed for that collection.
GetShaderInfoLog() ->
0:2(12): error: extension `GL_EXT_shader_texture_lod' unsupported in fragment shader

GetShaderSource() ->

#extension GL_EXT_shader_texture_lod: require
void main() {}

[GFX1-]: Couldn't sanitize GL_RENDERER "V3D 7.1.7.0"
[GFX1-]: Couldn't sanitize GL_RENDERER "V3D 7.1.7.0"
JavaScript error: https://static.hsappstatic.net/feedback-web-renderer-ui/static-1.30065/bundles/fetcher.js, line 1: SecurityError: The operation is insecure.
1779052305165	Marionette	INFO	Stopped listening on port 44641
console.error: "Failed to fetch https://ads.mozilla.org/v1/delete_user:" "NetworkError when attempting to fetch resource."
console.warn: TopSitesFeed: Failed to fetch data from MARS server: NetworkError when attempting to fetch resource.
1780587022910	geckodriver	INFO	Listening on 127.0.0.1:58453
1780587023021	mozrunner::runner	INFO	Running command: MOZ_CRASHREPORTER="1" MOZ_CRASHREPORTER_NO_REPORT="1" MOZ_CRASHREPORTER_SHUTDOWN="1" "/usr/bin/firefox" "--m ... 80" "--remote-debugging-port" "54795" "--remote-allow-hosts" "localhost" "-no-remote" "-profile" "/tmp/rust_mozprofileujgM4H"
*** You are running in headless mode.
console.warn: services.settings: Ignoring preference override of remote settings server
console.warn: services.settings: Allow by setting MOZ_REMOTE_SETTINGS_DEVTOOLS=1 in the environment
1780587024460	Marionette	INFO	Marionette enabled
console.error: "Warning: unrecognized command line flag" "-width"
console.error: "Warning: unrecognized command line flag" "-height"
1780587024855	Marionette	INFO	Listening on port 35905
WebDriver BiDi listening on ws://127.0.0.1:54795
Read port: 35905
1780587025097	RemoteAgent	WARN	TLS certificate errors will be ignored for this session
[GFX1-]: RenderCompositorSWGL failed mapping default framebuffer, no dt
console.warn: RSLoader: Recipe new-tab-151220260328211913-to-beta-150 not returned from collection nimbus-secure-experiments because it contains feature newtabTrainhopAddon, which is disallowed for that collection.
console.warn: RSLoader: Recipe new-tab-151220260328211913-to-release-only-149 not returned from collection nimbus-secure-experiments because it contains feature newtabTrainhopAddon, which is disallowed for that collection.
console.warn: RSLoader: Recipe new-tab-151320260419192959-to-release-only-150 not returned from collection nimbus-secure-experiments because it contains feature newtabTrainhopAddon, which is disallowed for that collection.
console.warn: RSLoader: Recipe new-tab-15202026050433143-to-release-only-150 not returned from collection nimbus-secure-experiments because it contains feature newtabTrainhopAddon, which is disallowed for that collection.
console.warn: RSLoader: Recipe new-tab-153020260521220634-to-release-151 not returned from collection nimbus-secure-experiments because it contains feature newtabTrainhopAddon, which is disallowed for that collection.
console.warn: RSLoader: Recipe new-tab-153120260528133333-to-release-151 not returned from collection nimbus-secure-experiments because it contains feature newtabTrainhopAddon, which is disallowed for that collection.
GetShaderInfoLog() ->
0:2(12): error: extension `GL_EXT_shader_texture_lod' unsupported in fragment shader

GetShaderSource() ->

#extension GL_EXT_shader_texture_lod: require
void main() {}

[GFX1-]: Couldn't sanitize GL_RENDERER "V3D 7.1.7.0"
[GFX1-]: Couldn't sanitize GL_RENDERER "V3D 7.1.7.0"
JavaScript error: https://static.hsappstatic.net/feedback-web-renderer-ui/static-1.30191/bundles/fetcher.js, line 1: SecurityError: The operation is insecure.
1780587170266	Marionette	INFO	Stopped listening on port 35905
console.error: "Failed to fetch https://ads.mozilla.org/v1/delete_user:" "NetworkError when attempting to fetch resource."
console.warn: TopSitesFeed: Failed to fetch data from MARS server: NetworkError when attempting to fetch resource.
1780591742273	geckodriver	INFO	Listening on 127.0.0.1:45473
1780591742438	mozrunner::runner	INFO	Running command: MOZ_CRASHREPORTER="1" MOZ_CRASHREPORTER_NO_REPORT="1" MOZ_CRASHREPORTER_SHUTDOWN="1" "/usr/bin/firefox" "--m ... 80" "--remote-debugging-port" "45005" "--remote-allow-hosts" "localhost" "-no-remote" "-profile" "/tmp/rust_mozprofilev13quK"
*** You are running in headless mode.
console.warn: services.settings: Ignoring preference override of remote settings server
console.warn: services.settings: Allow by setting MOZ_REMOTE_SETTINGS_DEVTOOLS=1 in the environment
[GFX1-]: glxtest: Unable to open a connection to the X server
[GFX1-]: No GPUs detected via PCI

1780591743005	Marionette	INFO	Marionette enabled
console.error: "Warning: unrecognized command line flag" "-width"
console.error: "Warning: unrecognized command line flag" "-height"
1780591743400	Marionette	INFO	Listening on port 34569
WebDriver BiDi listening on ws://127.0.0.1:45005
Read port: 34569
1780591743595	RemoteAgent	WARN	TLS certificate errors will be ignored for this session
[GFX1-]: RenderCompositorSWGL failed mapping default framebuffer, no dt
console.warn: RSLoader: Recipe new-tab-151220260328211913-to-beta-150 not returned from collection nimbus-secure-experiments because it contains feature newtabTrainhopAddon, which is disallowed for that collection.
console.warn: RSLoader: Recipe new-tab-151220260328211913-to-release-only-149 not returned from collection nimbus-secure-experiments because it contains feature newtabTrainhopAddon, which is disallowed for that collection.
console.warn: RSLoader: Recipe new-tab-151320260419192959-to-release-only-150 not returned from collection nimbus-secure-experiments because it contains feature newtabTrainhopAddon, which is disallowed for that collection.
console.warn: RSLoader: Recipe new-tab-15202026050433143-to-release-only-150 not returned from collection nimbus-secure-experiments because it contains feature newtabTrainhopAddon, which is disallowed for that collection.
console.warn: RSLoader: Recipe new-tab-153020260521220634-to-release-151 not returned from collection nimbus-secure-experiments because it contains feature newtabTrainhopAddon, which is disallowed for that collection.
console.warn: RSLoader: Recipe new-tab-153120260528133333-to-release-151 not returned from collection nimbus-secure-experiments because it contains feature newtabTrainhopAddon, which is disallowed for that collection.
JavaScript warning: https://js.hs-analytics.net/analytics/1657633500000/7171354.js, line 141: Failed to create WebGL context: WebGL creation failed: 
* WebglAllowWindowsNativeGl:false restricts context creation on this system. ()
* Exhausted GL driver options. (FEATURE_FAILURE_WEBGL_EXHAUSTED_DRIVERS)
JavaScript warning: https://js.hs-analytics.net/analytics/1657633500000/7171354.js, line 141: Failed to create WebGL context: WebGL creation failed: 
* WebglAllowWindowsNativeGl:false restricts context creation on this system. ()
* Exhausted GL driver options. (FEATURE_FAILURE_WEBGL_EXHAUSTED_DRIVERS)
JavaScript error: https://static.hsappstatic.net/feedback-web-renderer-ui/static-1.30191/bundles/fetcher.js, line 1: SecurityError: The operation is insecure.
1780591801982	geckodriver	INFO	Listening on 127.0.0.1:49921
1780591803283	mozrunner::runner	INFO	Running command: MOZ_CRASHREPORTER="1" MOZ_CRASHREPORTER_NO_REPORT="1" MOZ_CRASHREPORTER_SHUTDOWN="1" "/usr/bin/firefox" "--m ... 80" "--remote-debugging-port" "43525" "--remote-allow-hosts" "localhost" "-no-remote" "-profile" "/tmp/rust_mozprofileFxUHC2"
*** You are running in headless mode.
console.warn: services.settings: Ignoring preference override of remote settings server
console.warn: services.settings: Allow by setting MOZ_REMOTE_SETTINGS_DEVTOOLS=1 in the environment
[GFX1-]: glxtest: Unable to open a connection to the X server
[GFX1-]: No GPUs detected via PCI

1780591804675	Marionette	INFO	Marionette enabled
console.error: "Warning: unrecognized command line flag" "-width"
console.error: "Warning: unrecognized command line flag" "-height"
1780591805269	Marionette	INFO	Listening on port 45663
Read port: 45663
WebDriver BiDi listening on ws://127.0.0.1:43525
1780591805661	RemoteAgent	WARN	TLS certificate errors will be ignored for this session
[GFX1-]: RenderCompositorSWGL failed mapping default framebuffer, no dt
console.warn: RSLoader: Recipe new-tab-151220260328211913-to-beta-150 not returned from collection nimbus-secure-experiments because it contains feature newtabTrainhopAddon, which is disallowed for that collection.
console.warn: RSLoader: Recipe new-tab-151220260328211913-to-release-only-149 not returned from collection nimbus-secure-experiments because it contains feature newtabTrainhopAddon, which is disallowed for that collection.
console.warn: RSLoader: Recipe new-tab-151320260419192959-to-release-only-150 not returned from collection nimbus-secure-experiments because it contains feature newtabTrainhopAddon, which is disallowed for that collection.
console.warn: RSLoader: Recipe new-tab-15202026050433143-to-release-only-150 not returned from collection nimbus-secure-experiments because it contains feature newtabTrainhopAddon, which is disallowed for that collection.
console.warn: RSLoader: Recipe new-tab-153020260521220634-to-release-151 not returned from collection nimbus-secure-experiments because it contains feature newtabTrainhopAddon, which is disallowed for that collection.
console.warn: RSLoader: Recipe new-tab-153120260528133333-to-release-151 not returned from collection nimbus-secure-experiments because it contains feature newtabTrainhopAddon, which is disallowed for that collection.
JavaScript warning: https://js.hs-analytics.net/analytics/1657633500000/7171354.js, line 141: Failed to create WebGL context: WebGL creation failed: 
* WebglAllowWindowsNativeGl:false restricts context creation on this system. ()
* Exhausted GL driver options. (FEATURE_FAILURE_WEBGL_EXHAUSTED_DRIVERS)
JavaScript warning: https://js.hs-analytics.net/analytics/1657633500000/7171354.js, line 141: Failed to create WebGL context: WebGL creation failed: 
* WebglAllowWindowsNativeGl:false restricts context creation on this system. ()
* Exhausted GL driver options. (FEATURE_FAILURE_WEBGL_EXHAUSTED_DRIVERS)
JavaScript error: https://static.hsappstatic.net/feedback-web-renderer-ui/static-1.30191/bundles/fetcher.js, line 1: SecurityError: The operation is insecure.
1780591861583	geckodriver	INFO	Listening on 127.0.0.1:40187
1780591863383	mozrunner::runner	INFO	Running command: MOZ_CRASHREPORTER="1" MOZ_CRASHREPORTER_NO_REPORT="1" MOZ_CRASHREPORTER_SHUTDOWN="1" "/usr/bin/firefox" "--m ... 80" "--remote-debugging-port" "51793" "--remote-allow-hosts" "localhost" "-no-remote" "-profile" "/tmp/rust_mozprofilefpbF07"
*** You are running in headless mode.
console.warn: services.settings: Ignoring preference override of remote settings server
console.warn: services.settings: Allow by setting MOZ_REMOTE_SETTINGS_DEVTOOLS=1 in the environment
[GFX1-]: glxtest: Unable to open a connection to the X server
[GFX1-]: No GPUs detected via PCI

1780591865869	Marionette	INFO	Marionette enabled
console.error: "Warning: unrecognized command line flag" "-width"
console.error: "Warning: unrecognized command line flag" "-height"
1780591871349	Marionette	INFO	Listening on port 34053
WebDriver BiDi listening on ws://127.0.0.1:51793
Read port: 34053
1780591871669	RemoteAgent	WARN	TLS certificate errors will be ignored for this session
[GFX1-]: RenderCompositorSWGL failed mapping default framebuffer, no dt
console.warn: RSLoader: Recipe new-tab-151220260328211913-to-beta-150 not returned from collection nimbus-secure-experiments because it contains feature newtabTrainhopAddon, which is disallowed for that collection.
console.warn: RSLoader: Recipe new-tab-151220260328211913-to-release-only-149 not returned from collection nimbus-secure-experiments because it contains feature newtabTrainhopAddon, which is disallowed for that collection.
console.warn: RSLoader: Recipe new-tab-151320260419192959-to-release-only-150 not returned from collection nimbus-secure-experiments because it contains feature newtabTrainhopAddon, which is disallowed for that collection.
console.warn: RSLoader: Recipe new-tab-15202026050433143-to-release-only-150 not returned from collection nimbus-secure-experiments because it contains feature newtabTrainhopAddon, which is disallowed for that collection.
console.warn: RSLoader: Recipe new-tab-153020260521220634-to-release-151 not returned from collection nimbus-secure-experiments because it contains feature newtabTrainhopAddon, which is disallowed for that collection.
console.warn: RSLoader: Recipe new-tab-153120260528133333-to-release-151 not returned from collection nimbus-secure-experiments because it contains feature newtabTrainhopAddon, which is disallowed for that collection.
1780591939980	geckodriver	INFO	Listening on 127.0.0.1:45145
1780591958568	mozrunner::runner	INFO	Running command: MOZ_CRASHREPORTER="1" MOZ_CRASHREPORTER_NO_REPORT="1" MOZ_CRASHREPORTER_SHUTDOWN="1" "/usr/bin/firefox" "--m ... 80" "--remote-debugging-port" "51809" "--remote-allow-hosts" "localhost" "-no-remote" "-profile" "/tmp/rust_mozprofileGlepNk"
*** You are running in headless mode.
1780591969428	Marionette	INFO	Stopped listening on port 34053
JavaScript error: https://static.hsappstatic.net/feedback-web-renderer-ui/static-1.30191/bundles/fetcher.js, line 1: SecurityError: The operation is insecure.
console.warn: services.settings: Ignoring preference override of remote settings server
console.warn: services.settings: Allow by setting MOZ_REMOTE_SETTINGS_DEVTOOLS=1 in the environment
JavaScript warning: https://statusinvest.com.br/lib/jquery-3.6.0.min.js, line 2: Script terminated by timeout at:
S.fn[o]@https://statusinvest.com.br/lib/jquery-3.6.0.min.js:2:87409
drawHandles@https://statusinvest.com.br/lib/ion.rangeSlider/ion.rangeSlider.min.js?v=2.4.27.ABCDEG:2:24748
updateScene@https://statusinvest.com.br/lib/ion.rangeSlider/ion.rangeSlider.min.js?v=2.4.27.ABCDEG:2:24540

[GFX1-]: glxtest: Unable to open a connection to the X server
[GFX1-]: No GPUs detected via PCI

console.error: "Failed to fetch https://ads.mozilla.org/v1/delete_user:" "NetworkError when attempting to fetch resource."
console.warn: TopSitesFeed: Failed to fetch data from MARS server: NetworkError when attempting to fetch resource.
console.warn: services.settings: main/cfr sync interrupted by shutdown
1780592022321	geckodriver	INFO	Listening on 127.0.0.1:36719
console.warn: services.settings: main/newtab-wallpapers-v2 sync interrupted by shutdown
console.warn: services.settings: main/devtools-compatibility-browsers sync interrupted by shutdown
console.warn: services.settings: main/message-groups sync interrupted by shutdown
console.warn: services.settings: security-state/onecrl sync interrupted by shutdown
console.warn: services.settings: main/search-config-v2 sync interrupted by shutdown
console.warn: services.settings: main/search-config-icons sync interrupted by shutdown
console.warn: services.settings: main/moz-essential-domain-fallbacks sync interrupted by shutdown
console.warn: services.settings: main/search-default-override-allowlist sync interrupted by shutdown
console.warn: services.settings: main/urlbar-persisted-search-terms sync interrupted by shutdown
console.warn: services.settings: main/fingerprinting-protection-overrides sync interrupted by shutdown
console.warn: services.settings: main/devtools-devices sync interrupted by shutdown
console.warn: services.settings: blocklists/gfx sync interrupted by shutdown
console.warn: services.settings: main/remote-permissions sync interrupted by shutdown
console.warn: services.settings: main/doh-providers sync interrupted by shutdown
console.warn: services.settings: main/websites-with-shared-credential-backends sync interrupted by shutdown
console.warn: services.settings: main/password-rules sync interrupted by shutdown
console.warn: services.settings: main/top-sites sync interrupted by shutdown
console.warn: services.settings: main/doh-config sync interrupted by shutdown
console.warn: services.settings: main/translations-wasm sync interrupted by shutdown
console.warn: services.settings: main/partitioning-exempt-urls sync interrupted by shutdown
console.warn: services.settings: main/url-parser-default-unknown-schemes-interventions sync interrupted by shutdown
console.warn: services.settings: main/url-classifier-skip-urls sync interrupted by shutdown
console.warn: services.settings: main/normandy-recipes-capabilities sync interrupted by shutdown
console.warn: services.settings: main/search-categorization sync interrupted by shutdown
console.warn: services.settings: main/third-party-cookie-blocking-exempt-urls sync interrupted by shutdown
console.warn: services.settings: main/cookie-banner-rules-list sync interrupted by shutdown
console.warn: services.settings: main/search-config-overrides-v2 sync interrupted by shutdown
console.warn: services.settings: main/query-stripping sync interrupted by shutdown
console.warn: services.settings: main/addons-manager-settings sync interrupted by shutdown
console.warn: services.settings: main/password-recipes sync interrupted by shutdown
console.warn: services.settings: main/language-dictionaries sync interrupted by shutdown
console.error: (new AbortError("IndexedDB: main/rally-studies-v1 getLastModified() IndexedDB:  execute() A request was aborted, for example through a call to IDBTransaction.abort.", "resource://services-settings/IDBHelpers.sys.mjs", 16))
1780592023246	Marionette	INFO	Marionette enabled
1780592024296	mozrunner::runner	INFO	Running command: MOZ_CRASHREPORTER="1" MOZ_CRASHREPORTER_NO_REPORT="1" MOZ_CRASHREPORTER_SHUTDOWN="1" "/usr/bin/firefox" "--m ... 80" "--remote-debugging-port" "52307" "--remote-allow-hosts" "localhost" "-no-remote" "-profile" "/tmp/rust_mozprofileWdC8xm"
*** You are running in headless mode.
console.error: "Warning: unrecognized command line flag" "-width"
console.error: "Warning: unrecognized command line flag" "-height"
1780592025629	Marionette	INFO	Listening on port 36751
WebDriver BiDi listening on ws://127.0.0.1:51809
console.warn: services.settings: Ignoring preference override of remote settings server
console.warn: services.settings: Allow by setting MOZ_REMOTE_SETTINGS_DEVTOOLS=1 in the environment
[GFX1-]: glxtest: Unable to open a connection to the X server
[GFX1-]: No GPUs detected via PCI

1780592027473	Marionette	INFO	Marionette enabled
console.error: "Warning: unrecognized command line flag" "-width"
console.error: "Warning: unrecognized command line flag" "-height"
1780592028983	Marionette	INFO	Stopped listening on port 34569
[GFX1-]: RenderCompositorSWGL failed mapping default framebuffer, no dt
1780592030578	Marionette	INFO	Listening on port 33729
Read port: 33729
WebDriver BiDi listening on ws://127.0.0.1:52307
console.error: "Failed to fetch https://ads.mozilla.org/v1/delete_user:" "NetworkError when attempting to fetch resource."
console.warn: TopSitesFeed: Failed to fetch data from MARS server: NetworkError when attempting to fetch resource.
1780592030991	RemoteAgent	WARN	TLS certificate errors will be ignored for this session
[GFX1-]: RenderCompositorSWGL failed mapping default framebuffer, no dt
console.warn: RSLoader: Recipe new-tab-151220260328211913-to-beta-150 not returned from collection nimbus-secure-experiments because it contains feature newtabTrainhopAddon, which is disallowed for that collection.
console.warn: RSLoader: Recipe new-tab-151220260328211913-to-release-only-149 not returned from collection nimbus-secure-experiments because it contains feature newtabTrainhopAddon, which is disallowed for that collection.
console.warn: RSLoader: Recipe new-tab-151320260419192959-to-release-only-150 not returned from collection nimbus-secure-experiments because it contains feature newtabTrainhopAddon, which is disallowed for that collection.
console.warn: RSLoader: Recipe new-tab-15202026050433143-to-release-only-150 not returned from collection nimbus-secure-experiments because it contains feature newtabTrainhopAddon, which is disallowed for that collection.
console.warn: RSLoader: Recipe new-tab-153020260521220634-to-release-151 not returned from collection nimbus-secure-experiments because it contains feature newtabTrainhopAddon, which is disallowed for that collection.
console.warn: RSLoader: Recipe new-tab-153120260528133333-to-release-151 not returned from collection nimbus-secure-experiments because it contains feature newtabTrainhopAddon, which is disallowed for that collection.
console.error: (new TypeError("can't access property \"find\", this._searchProviderInfo is null", "moz-src:///browser/components/search/SearchSERPTelemetry.sys.mjs", 978))
console.warn: RSLoader: Recipe new-tab-151220260328211913-to-beta-150 not returned from collection nimbus-secure-experiments because it contains feature newtabTrainhopAddon, which is disallowed for that collection.
console.warn: RSLoader: Recipe new-tab-151220260328211913-to-release-only-149 not returned from collection nimbus-secure-experiments because it contains feature newtabTrainhopAddon, which is disallowed for that collection.
console.warn: RSLoader: Recipe new-tab-151320260419192959-to-release-only-150 not returned from collection nimbus-secure-experiments because it contains feature newtabTrainhopAddon, which is disallowed for that collection.
console.warn: RSLoader: Recipe new-tab-15202026050433143-to-release-only-150 not returned from collection nimbus-secure-experiments because it contains feature newtabTrainhopAddon, which is disallowed for that collection.
console.warn: RSLoader: Recipe new-tab-153020260521220634-to-release-151 not returned from collection nimbus-secure-experiments because it contains feature newtabTrainhopAddon, which is disallowed for that collection.
console.warn: RSLoader: Recipe new-tab-153120260528133333-to-release-151 not returned from collection nimbus-secure-experiments because it contains feature newtabTrainhopAddon, which is disallowed for that collection.
1780592043420	geckodriver	INFO	Listening on 127.0.0.1:45785
1780592044668	mozrunner::runner	INFO	Running command: MOZ_CRASHREPORTER="1" MOZ_CRASHREPORTER_NO_REPORT="1" MOZ_CRASHREPORTER_SHUTDOWN="1" "/usr/bin/firefox" "--m ... 80" "--remote-debugging-port" "46695" "--remote-allow-hosts" "localhost" "-no-remote" "-profile" "/tmp/rust_mozprofilexJr3sT"
*** You are running in headless mode.
console.warn: services.settings: Ignoring preference override of remote settings server
console.warn: services.settings: Allow by setting MOZ_REMOTE_SETTINGS_DEVTOOLS=1 in the environment
[GFX1-]: glxtest: Unable to open a connection to the X server
[GFX1-]: No GPUs detected via PCI

1780592046494	Marionette	INFO	Marionette enabled
console.error: "Warning: unrecognized command line flag" "-width"
console.error: "Warning: unrecognized command line flag" "-height"
1780592048798	Marionette	INFO	Listening on port 41921
WebDriver BiDi listening on ws://127.0.0.1:46695
Read port: 41921
1780592049107	RemoteAgent	WARN	TLS certificate errors will be ignored for this session
[GFX1-]: RenderCompositorSWGL failed mapping default framebuffer, no dt
JavaScript error: https://static.hsappstatic.net/feedback-web-renderer-ui/static-1.30191/bundles/fetcher.js, line 1: SecurityError: The operation is insecure.
JavaScript warning: https://js.hs-analytics.net/analytics/1657633500000/7171354.js, line 141: Failed to create WebGL context: WebGL creation failed: 
* WebglAllowWindowsNativeGl:false restricts context creation on this system. ()
* Exhausted GL driver options. (FEATURE_FAILURE_WEBGL_EXHAUSTED_DRIVERS)
JavaScript warning: https://js.hs-analytics.net/analytics/1657633500000/7171354.js, line 141: Failed to create WebGL context: WebGL creation failed: 
* WebglAllowWindowsNativeGl:false restricts context creation on this system. ()
* Exhausted GL driver options. (FEATURE_FAILURE_WEBGL_EXHAUSTED_DRIVERS)
console.warn: RSLoader: Recipe new-tab-151220260328211913-to-beta-150 not returned from collection nimbus-secure-experiments because it contains feature newtabTrainhopAddon, which is disallowed for that collection.
console.warn: RSLoader: Recipe new-tab-151220260328211913-to-release-only-149 not returned from collection nimbus-secure-experiments because it contains feature newtabTrainhopAddon, which is disallowed for that collection.
console.warn: RSLoader: Recipe new-tab-151320260419192959-to-release-only-150 not returned from collection nimbus-secure-experiments because it contains feature newtabTrainhopAddon, which is disallowed for that collection.
console.warn: RSLoader: Recipe new-tab-15202026050433143-to-release-only-150 not returned from collection nimbus-secure-experiments because it contains feature newtabTrainhopAddon, which is disallowed for that collection.
console.warn: RSLoader: Recipe new-tab-153020260521220634-to-release-151 not returned from collection nimbus-secure-experiments because it contains feature newtabTrainhopAddon, which is disallowed for that collection.
console.warn: RSLoader: Recipe new-tab-153120260528133333-to-release-151 not returned from collection nimbus-secure-experiments because it contains feature newtabTrainhopAddon, which is disallowed for that collection.
Exiting due to channel error.
Exiting due to channel error.
Exiting due to channel error.
Exiting due to channel error.
Exiting due to channel error.
1780592102376	Marionette	INFO	Stopped listening on port 45663
console.error: "Failed to fetch https://ads.mozilla.org/v1/delete_user:" "NetworkError when attempting to fetch resource."
console.warn: TopSitesFeed: Failed to fetch data from MARS server: NetworkError when attempting to fetch resource.
JavaScript warning: https://js.hs-analytics.net/analytics/1657633500000/7171354.js, line 141: Failed to create WebGL context: WebGL creation failed: 
* WebglAllowWindowsNativeGl:false restricts context creation on this system. ()
* Exhausted GL driver options. (FEATURE_FAILURE_WEBGL_EXHAUSTED_DRIVERS)
JavaScript warning: https://js.hs-analytics.net/analytics/1657633500000/7171354.js, line 141: Failed to create WebGL context: WebGL creation failed: 
* WebglAllowWindowsNativeGl:false restricts context creation on this system. ()
* Exhausted GL driver options. (FEATURE_FAILURE_WEBGL_EXHAUSTED_DRIVERS)
JavaScript error: https://static.hsappstatic.net/feedback-web-renderer-ui/static-1.30191/bundles/fetcher.js, line 1: SecurityError: The operation is insecure.
1780592119149	geckodriver	INFO	Listening on 127.0.0.1:36623
1780592119891	mozrunner::runner	INFO	Running command: MOZ_CRASHREPORTER="1" MOZ_CRASHREPORTER_NO_REPORT="1" MOZ_CRASHREPORTER_SHUTDOWN="1" "/usr/bin/firefox" "--m ... 80" "--remote-debugging-port" "58475" "--remote-allow-hosts" "localhost" "-no-remote" "-profile" "/tmp/rust_mozprofile66CvFw"
*** You are running in headless mode.
console.warn: services.settings: Ignoring preference override of remote settings server
console.warn: services.settings: Allow by setting MOZ_REMOTE_SETTINGS_DEVTOOLS=1 in the environment
[GFX1-]: glxtest: Unable to open a connection to the X server
[GFX1-]: No GPUs detected via PCI

1780592123226	Marionette	INFO	Marionette enabled
console.error: "Warning: unrecognized command line flag" "-width"
console.error: "Warning: unrecognized command line flag" "-height"
1780592124395	Marionette	INFO	Listening on port 38973
Read port: 38973
WebDriver BiDi listening on ws://127.0.0.1:58475
Read port: 38973
1780592126188	RemoteAgent	WARN	TLS certificate errors will be ignored for this session
[GFX1-]: RenderCompositorSWGL failed mapping default framebuffer, no dt
console.warn: RSLoader: Recipe new-tab-151220260328211913-to-beta-150 not returned from collection nimbus-secure-experiments because it contains feature newtabTrainhopAddon, which is disallowed for that collection.
console.warn: RSLoader: Recipe new-tab-151220260328211913-to-release-only-149 not returned from collection nimbus-secure-experiments because it contains feature newtabTrainhopAddon, which is disallowed for that collection.
console.warn: RSLoader: Recipe new-tab-151320260419192959-to-release-only-150 not returned from collection nimbus-secure-experiments because it contains feature newtabTrainhopAddon, which is disallowed for that collection.
console.warn: RSLoader: Recipe new-tab-15202026050433143-to-release-only-150 not returned from collection nimbus-secure-experiments because it contains feature newtabTrainhopAddon, which is disallowed for that collection.
console.warn: RSLoader: Recipe new-tab-153020260521220634-to-release-151 not returned from collection nimbus-secure-experiments because it contains feature newtabTrainhopAddon, which is disallowed for that collection.
console.warn: RSLoader: Recipe new-tab-153120260528133333-to-release-151 not returned from collection nimbus-secure-experiments because it contains feature newtabTrainhopAddon, which is disallowed for that collection.
1780592166452	Marionette	INFO	Stopped listening on port 38973
JavaScript warning: https://js.hs-analytics.net/analytics/1657633500000/7171354.js, line 141: Script terminated by timeout at:
_t@https://js.hs-analytics.net/analytics/1657633500000/7171354.js:141:87324
Ct@https://js.hs-analytics.net/analytics/1657633500000/7171354.js:141:86916
kt@https://js.hs-analytics.net/analytics/1657633500000/7171354.js:141:86595
yt@https://js.hs-analytics.net/analytics/1657633500000/7171354.js:141:86500
s@https://js.hs-analytics.net/analytics/1657633500000/7171354.js:141:74279
O/n<@https://js.hs-analytics.net/analytics/1657633500000/7171354.js:141:78404
O@https://js.hs-analytics.net/analytics/1657633500000/7171354.js:141:78367
M/o<@https://js.hs-analytics.net/analytics/1657633500000/7171354.js:141:78846
a@https://js.hs-analytics.net/analytics/1657633500000/7171354.js:141:74449

console.error: "Failed to fetch https://ads.mozilla.org/v1/delete_user:" "NetworkError when attempting to fetch resource."
console.warn: TopSitesFeed: Failed to fetch data from MARS server: NetworkError when attempting to fetch resource.
console.error: (new TypeError("WeakMap key null must be an object", "chrome://remote/content/shared/WindowManager.sys.mjs", 189))
console.warn: services.settings: main/nimbus-secure-experiments sync interrupted by shutdown
console.warn: services.settings: main/url-classifier-exceptions sync interrupted by shutdown
console.warn: services.settings: security-state/intermediates sync interrupted by shutdown
console.warn: services.settings: main/tracking-protection-lists sync interrupted by shutdown
console.warn: services.settings: main/search-telemetry-v2 sync interrupted by shutdown
console.warn: services.settings: main/translations-models sync interrupted by shutdown
console.warn: services.settings: main/cfr sync interrupted by shutdown
console.warn: services.settings: main/newtab-wallpapers-v2 sync interrupted by shutdown
console.warn: services.settings: main/devtools-compatibility-browsers sync interrupted by shutdown
console.warn: services.settings: main/message-groups sync interrupted by shutdown
console.warn: services.settings: security-state/onecrl sync interrupted by shutdown
console.warn: services.settings: main/search-config-v2 sync interrupted by shutdown
console.warn: services.settings: main/search-config-icons sync interrupted by shutdown
console.warn: services.settings: main/moz-essential-domain-fallbacks sync interrupted by shutdown
console.warn: services.settings: main/search-default-override-allowlist sync interrupted by shutdown
console.warn: services.settings: main/urlbar-persisted-search-terms sync interrupted by shutdown
console.warn: services.settings: main/fingerprinting-protection-overrides sync interrupted by shutdown
console.warn: services.settings: main/devtools-devices sync interrupted by shutdown
console.warn: services.settings: blocklists/gfx sync interrupted by shutdown
console.warn: services.settings: main/remote-permissions sync interrupted by shutdown
console.warn: services.settings: main/doh-providers sync interrupted by shutdown
console.warn: services.settings: main/websites-with-shared-credential-backends sync interrupted by shutdown
console.warn: services.settings: main/password-rules sync interrupted by shutdown
console.warn: services.settings: main/top-sites sync interrupted by shutdown
console.warn: services.settings: main/doh-config sync interrupted by shutdown
console.warn: services.settings: main/translations-wasm sync interrupted by shutdown
console.warn: services.settings: main/partitioning-exempt-urls sync interrupted by shutdown
console.warn: services.settings: main/url-parser-default-unknown-schemes-interventions sync interrupted by shutdown
console.warn: services.settings: main/url-classifier-skip-urls sync interrupted by shutdown
console.warn: services.settings: main/normandy-recipes-capabilities sync interrupted by shutdown
console.warn: services.settings: main/search-categorization sync interrupted by shutdown
console.warn: services.settings: main/third-party-cookie-blocking-exempt-urls sync interrupted by shutdown
console.warn: services.settings: main/cookie-banner-rules-list sync interrupted by shutdown
console.warn: services.settings: main/search-config-overrides-v2 sync interrupted by shutdown
console.warn: services.settings: main/query-stripping sync interrupted by shutdown
console.warn: services.settings: main/addons-manager-settings sync interrupted by shutdown
console.warn: services.settings: main/password-recipes sync interrupted by shutdown
console.warn: services.settings: main/language-dictionaries sync interrupted by shutdown
console.warn: services.settings: main/hijack-blocklists sync interrupted by shutdown
console.warn: services.settings: main/anti-tracking-url-decoration sync interrupted by shutdown
console.warn: services.settings: main/sites-classification sync interrupted by shutdown
console.error: RemoteSecuritySettings: 
  failed to download CRLite filter
Object
  - prototype Object
    - columnNumber = 0
    - data = null
    - filename = resource://gre/modules/ServiceRequest.sys.mjs
    - lineNumber = 126
    - location = {"name":"open","filename":"resource://gre/modules/ServiceRequest.sys.mjs","sourceId":25,"lineNumber":126,"columnNumber":11,"asyncCause":null,"asyncCaller":null,"caller":{"filename":"resource://services-settings/Utils.sys.mjs","name":"fetch/<","sourceId":24,"lineNumber":268,"columnNumber":15,"asyncCause":null,"asyncCaller":null,"caller":{"filename":"resource://services-settings/Utils.sys.mjs","name":"fetch","sourceId":24,"lineNumber":219,"columnNumber":12,"asyncCause":null,"asyncCaller":null,"caller":{"filename":"resource://services-settings/Attachments.sys.mjs","name":"_fetchAttachment","sourceId":23,"lineNumber":554,"columnNumber":35,"asyncCause":null,"asyncCaller":null,"caller":{"filename":"resource://services-settings/Attachments.sys.mjs","name":"downloadAsBytes","sourceId":23,"lineNumber":531,"columnNumber":35,"asyncCause":null,"asyncCaller":null,"caller":{"filename":"resource://gre/modules/AsyncShutdown.sys.mjs","name":"observe","sourceId":15,"lineNumber":569,"columnNumber":17,"asyncCause":null,"asyncCaller":null,"caller":null,"formattedStack":"observe@resource://gre/modules/AsyncShutdown.sys.mjs:569:17\n","nativeSavedFrame":{}},"formattedStack":"downloadAsBytes@resource://services-settings/Attachments.sys.mjs:531:35\nobserve@resource://gre/modules/AsyncShutdown.sys.mjs:569:17\n","nativeSavedFrame":{}},"formattedStack":"_fetchAttachment@resource://services-settings/Attachments.sys.mjs:554:35\ndownloadAsBytes@resource://services-settings/Attachments.sys.mjs:531:35\nobserve@resource://gre/modules/AsyncShutdown.sys.mjs:569:17\n","nativeSavedFrame":{}},"formattedStack":"fetch@resource://services-settings/Utils.sys.mjs:219:12\n_fetchAttachment@resource://services-settings/Attachments.sys.mjs:554:35\ndownloadAsBytes@resource://services-settings/Attachments.sys.mjs:531:35\nobserve@resource://gre/modules/AsyncShutdown.sys.mjs:569:17\n","nativeSavedFrame":{}},"formattedStack":"fetch/<@resource://services-settings/Utils.sys.mjs:268:15\nfetch@resource://services-settings/Utils.sys.mjs:219:12\n_fetchAttachment@resource://services-settings/Attachments.sys.mjs:554:35\ndownloadAsBytes@resource://services-settings/Attachments.sys.mjs:531:35\nobserve@resource://gre/modules/AsyncShutdown.sys.mjs:569:17\n","nativeSavedFrame":{}},"formattedStack":"open@resource://gre/modules/ServiceRequest.sys.mjs:126:11\nfetch/<@resource://services-settings/Utils.sys.mjs:268:15\nfetch@resource://services-settings/Utils.sys.mjs:219:12\n_fetchAttachment@resource://services-settings/Attachments.sys.mjs:554:35\ndownloadAsBytes@resource://services-settings/Attachments.sys.mjs:531:35\nobserve@resource://gre/modules/AsyncShutdown.sys.mjs:569:17\n","nativeSavedFrame":{}}
    - message = 
    - name = 
    - result = 2152071198
    - stack = open@resource://gre/modules/ServiceRequest.sys.mjs:126:11|fetch/<@resource://services-settings/Utils.sys.mjs:268:15|fetch@resource://services-settings/Utils.sys.mjs:219:12|_fetchAttachment@resource://services-settings/Attachments.sys.mjs:554:35|downloadAsBytes@resource://services-settings/Attachments.sys.mjs:531:35|observe@resource://gre/modules/AsyncShutdown.sys.mjs:569:17|
  - prototype Object
console.error: RemoteSecuritySettings: 
  failed to download CRLite filter
Object
  - prototype Object
    - columnNumber = 0
    - data = null
    - filename = resource://gre/modules/ServiceRequest.sys.mjs
    - lineNumber = 126
    - location = {"name":"open","filename":"resource://gre/modules/ServiceRequest.sys.mjs","sourceId":25,"lineNumber":126,"columnNumber":11,"asyncCause":null,"asyncCaller":null,"caller":{"filename":"resource://services-settings/Utils.sys.mjs","name":"fetch/<","sourceId":24,"lineNumber":268,"columnNumber":15,"asyncCause":null,"asyncCaller":null,"caller":{"filename":"resource://services-settings/Utils.sys.mjs","name":"fetch","sourceId":24,"lineNumber":219,"columnNumber":12,"asyncCause":null,"asyncCaller":null,"caller":{"filename":"resource://services-settings/Attachments.sys.mjs","name":"_fetchAttachment","sourceId":23,"lineNumber":554,"columnNumber":35,"asyncCause":null,"asyncCaller":null,"caller":{"filename":"resource://services-settings/Attachments.sys.mjs","name":"downloadAsBytes","sourceId":23,"lineNumber":531,"columnNumber":35,"asyncCause":null,"asyncCaller":null,"caller":{"filename":"resource://gre/modules/AsyncShutdown.sys.mjs","name":"observe","sourceId":15,"lineNumber":569,"columnNumber":17,"asyncCause":null,"asyncCaller":null,"caller":null,"formattedStack":"observe@resource://gre/modules/AsyncShutdown.sys.mjs:569:17\n","nativeSavedFrame":{}},"formattedStack":"downloadAsBytes@resource://services-settings/Attachments.sys.mjs:531:35\nobserve@resource://gre/modules/AsyncShutdown.sys.mjs:569:17\n","nativeSavedFrame":{}},"formattedStack":"_fetchAttachment@resource://services-settings/Attachments.sys.mjs:554:35\ndownloadAsBytes@resource://services-settings/Attachments.sys.mjs:531:35\nobserve@resource://gre/modules/AsyncShutdown.sys.mjs:569:17\n","nativeSavedFrame":{}},"formattedStack":"fetch@resource://services-settings/Utils.sys.mjs:219:12\n_fetchAttachment@resource://services-settings/Attachments.sys.mjs:554:35\ndownloadAsBytes@resource://services-settings/Attachments.sys.mjs:531:35\nobserve@resource://gre/modules/AsyncShutdown.sys.mjs:569:17\n","nativeSavedFrame":{}},"formattedStack":"fetch/<@resource://services-settings/Utils.sys.mjs:268:15\nfetch@resource://services-settings/Utils.sys.mjs:219:12\n_fetchAttachment@resource://services-settings/Attachments.sys.mjs:554:35\ndownloadAsBytes@resource://services-settings/Attachments.sys.mjs:531:35\nobserve@resource://gre/modules/AsyncShutdown.sys.mjs:569:17\n","nativeSavedFrame":{}},"formattedStack":"open@resource://gre/modules/ServiceRequest.sys.mjs:126:11\nfetch/<@resource://services-settings/Utils.sys.mjs:268:15\nfetch@resource://services-settings/Utils.sys.mjs:219:12\n_fetchAttachment@resource://services-settings/Attachments.sys.mjs:554:35\ndownloadAsBytes@resource://services-settings/Attachments.sys.mjs:531:35\nobserve@resource://gre/modules/AsyncShutdown.sys.mjs:569:17\n","nativeSavedFrame":{}}
    - message = 
    - name = 
    - result = 2152071198
    - stack = open@resource://gre/modules/ServiceRequest.sys.mjs:126:11|fetch/<@resource://services-settings/Utils.sys.mjs:268:15|fetch@resource://services-settings/Utils.sys.mjs:219:12|_fetchAttachment@resource://services-settings/Attachments.sys.mjs:554:35|downloadAsBytes@resource://services-settings/Attachments.sys.mjs:531:35|observe@resource://gre/modules/AsyncShutdown.sys.mjs:569:17|
  - prototype Object
console.error: RemoteSecuritySettings: 
  failed to download CRLite filter
Object
  - prototype Object
    - columnNumber = 0
    - data = null
    - filename = resource://gre/modules/ServiceRequest.sys.mjs
    - lineNumber = 126
    - location = {"name":"open","filename":"resource://gre/modules/ServiceRequest.sys.mjs","sourceId":25,"lineNumber":126,"columnNumber":11,"asyncCause":null,"asyncCaller":null,"caller":{"filename":"resource://services-settings/Utils.sys.mjs","name":"fetch/<","sourceId":24,"lineNumber":268,"columnNumber":15,"asyncCause":null,"asyncCaller":null,"caller":{"filename":"resource://services-settings/Utils.sys.mjs","name":"fetch","sourceId":24,"lineNumber":219,"columnNumber":12,"asyncCause":null,"asyncCaller":null,"caller":{"filename":"resource://services-settings/Attachments.sys.mjs","name":"_fetchAttachment","sourceId":23,"lineNumber":554,"columnNumber":35,"asyncCause":null,"asyncCaller":null,"caller":{"filename":"resource://services-settings/Attachments.sys.mjs","name":"downloadAsBytes","sourceId":23,"lineNumber":531,"columnNumber":35,"asyncCause":null,"asyncCaller":null,"caller":{"filename":"resource://gre/modules/AsyncShutdown.sys.mjs","name":"observe","sourceId":15,"lineNumber":569,"columnNumber":17,"asyncCause":null,"asyncCaller":null,"caller":null,"formattedStack":"observe@resource://gre/modules/AsyncShutdown.sys.mjs:569:17\n","nativeSavedFrame":{}},"formattedStack":"downloadAsBytes@resource://services-settings/Attachments.sys.mjs:531:35\nobserve@resource://gre/modules/AsyncShutdown.sys.mjs:569:17\n","nativeSavedFrame":{}},"formattedStack":"_fetchAttachment@resource://services-settings/Attachments.sys.mjs:554:35\ndownloadAsBytes@resource://services-settings/Attachments.sys.mjs:531:35\nobserve@resource://gre/modules/AsyncShutdown.sys.mjs:569:17\n","nativeSavedFrame":{}},"formattedStack":"fetch@resource://services-settings/Utils.sys.mjs:219:12\n_fetchAttachment@resource://services-settings/Attachments.sys.mjs:554:35\ndownloadAsBytes@resource://services-settings/Attachments.sys.mjs:531:35\nobserve@resource://gre/modules/AsyncShutdown.sys.mjs:569:17\n","nativeSavedFrame":{}},"formattedStack":"fetch/<@resource://services-settings/Utils.sys.mjs:268:15\nfetch@resource://services-settings/Utils.sys.mjs:219:12\n_fetchAttachment@resource://services-settings/Attachments.sys.mjs:554:35\ndownloadAsBytes@resource://services-settings/Attachments.sys.mjs:531:35\nobserve@resource://gre/modules/AsyncShutdown.sys.mjs:569:17\n","nativeSavedFrame":{}},"formattedStack":"open@resource://gre/modules/ServiceRequest.sys.mjs:126:11\nfetch/<@resource://services-settings/Utils.sys.mjs:268:15\nfetch@resource://services-settings/Utils.sys.mjs:219:12\n_fetchAttachment@resource://services-settings/Attachments.sys.mjs:554:35\ndownloadAsBytes@resource://services-settings/Attachments.sys.mjs:531:35\nobserve@resource://gre/modules/AsyncShutdown.sys.mjs:569:17\n","nativeSavedFrame":{}}
    - message = 
    - name = 
    - result = 2152071198
    - stack = open@resource://gre/modules/ServiceRequest.sys.mjs:126:11|fetch/<@resource://services-settings/Utils.sys.mjs:268:15|fetch@resource://services-settings/Utils.sys.mjs:219:12|_fetchAttachment@resource://services-settings/Attachments.sys.mjs:554:35|downloadAsBytes@resource://services-settings/Attachments.sys.mjs:531:35|observe@resource://gre/modules/AsyncShutdown.sys.mjs:569:17|
  - prototype Object
console.error: RemoteSecuritySettings: 
  failed to download CRLite filter
Object
  - prototype Object
    - columnNumber = 0
    - data = null
    - filename = resource://gre/modules/ServiceRequest.sys.mjs
    - lineNumber = 126
    - location = {"name":"open","filename":"resource://gre/modules/ServiceRequest.sys.mjs","sourceId":25,"lineNumber":126,"columnNumber":11,"asyncCause":null,"asyncCaller":null,"caller":{"filename":"resource://services-settings/Utils.sys.mjs","name":"fetch/<","sourceId":24,"lineNumber":268,"columnNumber":15,"asyncCause":null,"asyncCaller":null,"caller":{"filename":"resource://services-settings/Utils.sys.mjs","name":"fetch","sourceId":24,"lineNumber":219,"columnNumber":12,"asyncCause":null,"asyncCaller":null,"caller":{"filename":"resource://services-settings/Attachments.sys.mjs","name":"_fetchAttachment","sourceId":23,"lineNumber":554,"columnNumber":35,"asyncCause":null,"asyncCaller":null,"caller":{"filename":"resource://services-settings/Attachments.sys.mjs","name":"downloadAsBytes","sourceId":23,"lineNumber":531,"columnNumber":35,"asyncCause":null,"asyncCaller":null,"caller":{"filename":"resource://gre/modules/AsyncShutdown.sys.mjs","name":"observe","sourceId":15,"lineNumber":569,"columnNumber":17,"asyncCause":null,"asyncCaller":null,"caller":null,"formattedStack":"observe@resource://gre/modules/AsyncShutdown.sys.mjs:569:17\n","nativeSavedFrame":{}},"formattedStack":"downloadAsBytes@resource://services-settings/Attachments.sys.mjs:531:35\nobserve@resource://gre/modules/AsyncShutdown.sys.mjs:569:17\n","nativeSavedFrame":{}},"formattedStack":"_fetchAttachment@resource://services-settings/Attachments.sys.mjs:554:35\ndownloadAsBytes@resource://services-settings/Attachments.sys.mjs:531:35\nobserve@resource://gre/modules/AsyncShutdown.sys.mjs:569:17\n","nativeSavedFrame":{}},"formattedStack":"fetch@resource://services-settings/Utils.sys.mjs:219:12\n_fetchAttachment@resource://services-settings/Attachments.sys.mjs:554:35\ndownloadAsBytes@resource://services-settings/Attachments.sys.mjs:531:35\nobserve@resource://gre/modules/AsyncShutdown.sys.mjs:569:17\n","nativeSavedFrame":{}},"formattedStack":"fetch/<@resource://services-settings/Utils.sys.mjs:268:15\nfetch@resource://services-settings/Utils.sys.mjs:219:12\n_fetchAttachment@resource://services-settings/Attachments.sys.mjs:554:35\ndownloadAsBytes@resource://services-settings/Attachments.sys.mjs:531:35\nobserve@resource://gre/modules/AsyncShutdown.sys.mjs:569:17\n","nativeSavedFrame":{}},"formattedStack":"open@resource://gre/modules/ServiceRequest.sys.mjs:126:11\nfetch/<@resource://services-settings/Utils.sys.mjs:268:15\nfetch@resource://services-settings/Utils.sys.mjs:219:12\n_fetchAttachment@resource://services-settings/Attachments.sys.mjs:554:35\ndownloadAsBytes@resource://services-settings/Attachments.sys.mjs:531:35\nobserve@resource://gre/modules/AsyncShutdown.sys.mjs:569:17\n","nativeSavedFrame":{}}
    - message = 
    - name = 
    - result = 2152071198
    - stack = open@resource://gre/modules/ServiceRequest.sys.mjs:126:11|fetch/<@resource://services-settings/Utils.sys.mjs:268:15|fetch@resource://services-settings/Utils.sys.mjs:219:12|_fetchAttachment@resource://services-settings/Attachments.sys.mjs:554:35|downloadAsBytes@resource://services-settings/Attachments.sys.mjs:531:35|observe@resource://gre/modules/AsyncShutdown.sys.mjs:569:17|
  - prototype Object
1780592192937	geckodriver	INFO	Listening on 127.0.0.1:52121
1780592194504	mozrunner::runner	INFO	Running command: MOZ_CRASHREPORTER="1" MOZ_CRASHREPORTER_NO_REPORT="1" MOZ_CRASHREPORTER_SHUTDOWN="1" "/usr/bin/firefox" "--m ... 80" "--remote-debugging-port" "53357" "--remote-allow-hosts" "localhost" "-no-remote" "-profile" "/tmp/rust_mozprofileh2eBpj"
*** You are running in headless mode.
console.warn: services.settings: Ignoring preference override of remote settings server
console.warn: services.settings: Allow by setting MOZ_REMOTE_SETTINGS_DEVTOOLS=1 in the environment
[GFX1-]: glxtest: Unable to open a connection to the X server
[GFX1-]: No GPUs detected via PCI

1780592197302	Marionette	INFO	Marionette enabled
console.error: "Warning: unrecognized command line flag" "-width"
console.error: "Warning: unrecognized command line flag" "-height"
1780592198293	Marionette	INFO	Listening on port 42557
Read port: 42557
WebDriver BiDi listening on ws://127.0.0.1:53357
1780592198666	RemoteAgent	WARN	TLS certificate errors will be ignored for this session
[GFX1-]: RenderCompositorSWGL failed mapping default framebuffer, no dt
console.warn: RSLoader: Recipe new-tab-151220260328211913-to-beta-150 not returned from collection nimbus-secure-experiments because it contains feature newtabTrainhopAddon, which is disallowed for that collection.
console.warn: RSLoader: Recipe new-tab-151220260328211913-to-release-only-149 not returned from collection nimbus-secure-experiments because it contains feature newtabTrainhopAddon, which is disallowed for that collection.
console.warn: RSLoader: Recipe new-tab-151320260419192959-to-release-only-150 not returned from collection nimbus-secure-experiments because it contains feature newtabTrainhopAddon, which is disallowed for that collection.
console.warn: RSLoader: Recipe new-tab-15202026050433143-to-release-only-150 not returned from collection nimbus-secure-experiments because it contains feature newtabTrainhopAddon, which is disallowed for that collection.
console.warn: RSLoader: Recipe new-tab-153020260521220634-to-release-151 not returned from collection nimbus-secure-experiments because it contains feature newtabTrainhopAddon, which is disallowed for that collection.
console.warn: RSLoader: Recipe new-tab-153120260528133333-to-release-151 not returned from collection nimbus-secure-experiments because it contains feature newtabTrainhopAddon, which is disallowed for that collection.
[Parent 2996621, IPC I/O Parent] WARNING: process 2997981 exited on signal 15: file ./ipc/chromium/src/chrome/common/process_watcher_posix_sigchld.cc:134
[Parent 2996621, IPC I/O Parent] WARNING: process 2998023 exited on signal 15: file ./ipc/chromium/src/chrome/common/process_watcher_posix_sigchld.cc:134
A content process crashed and MOZ_CRASHREPORTER_SHUTDOWN is set, shutting down
A content process crashed and MOZ_CRASHREPORTER_SHUTDOWN is set, shutting down
JavaScript error: chrome://global/content/elements/browser-custom-element.mjs, line 1751: Error: permitUnload is already running for this tab.
1780592269378	Marionette	INFO	Stopped listening on port 42557
JavaScript warning: https://www.googletagmanager.com/gtag/js?id=G-69GS6KP6TJ&cx=c&gtm=4e6630, line 946: Script terminated by timeout at:
$K@https://www.googletagmanager.com/gtag/js?id=G-69GS6KP6TJ&cx=c&gtm=4e6630:946:268
aL/l.prototype.qs@https://www.googletagmanager.com/gtag/js?id=G-69GS6KP6TJ&cx=c&gtm=4e6630:952:382
k.Cs/n/</<@https://www.googletagmanager.com/gtag/js?id=G-69GS6KP6TJ&cx=c&gtm=4e6630:957:215

1780592269912	geckodriver	INFO	Listening on 127.0.0.1:40793
console.error: "Failed to fetch https://ads.mozilla.org/v1/delete_user:" "NetworkError when attempting to fetch resource."
console.warn: TopSitesFeed: Failed to fetch data from MARS server: NetworkError when attempting to fetch resource.
console.error: services.settings: 
Object
  - prototype Object
    - columnNumber = 0
    - data = null
    - filename = resource://gre/modules/ServiceRequest.sys.mjs
    - lineNumber = 126
    - location = {"name":"open","filename":"resource://gre/modules/ServiceRequest.sys.mjs","sourceId":25,"lineNumber":126,"columnNumber":11,"asyncCause":null,"asyncCaller":null,"caller":{"filename":"resource://services-settings/Utils.sys.mjs","name":"fetch/<","sourceId":24,"lineNumber":268,"columnNumber":15,"asyncCause":null,"asyncCaller":null,"caller":{"filename":"resource://services-settings/Utils.sys.mjs","name":"fetch","sourceId":24,"lineNumber":219,"columnNumber":12,"asyncCause":null,"asyncCaller":null,"caller":{"filename":"resource://services-common/kinto-http-client.sys.mjs","name":"timedFetch/<","sourceId":685,"lineNumber":569,"columnNumber":12,"asyncCause":null,"asyncCaller":null,"caller":{"filename":"resource://services-common/kinto-http-client.sys.mjs","name":"timedFetch","sourceId":685,"lineNumber":544,"columnNumber":12,"asyncCause":null,"asyncCaller":null,"caller":{"filename":"resource://services-common/kinto-http-client.sys.mjs","name":"request","sourceId":685,"lineNumber":634,"columnNumber":33,"asyncCause":null,"asyncCaller":null,"caller":{"filename":"resource://services-common/kinto-http-client.sys.mjs","name":"execute","sourceId":685,"lineNumber":2643,"columnNumber":36,"asyncCause":null,"asyncCaller":null,"caller":{"filename":"resource://services-settings/RemoteSettingsClient.sys.mjs","name":"_fetchChangeset","sourceId":22,"lineNumber":1227,"columnNumber":22,"asyncCause":null,"asyncCaller":null,"caller":{"filename":"resource://services-settings/RemoteSettingsClient.sys.mjs","name":"_importChanges","sourceId":22,"lineNumber":1089,"columnNumber":18,"asyncCause":null,"asyncCaller":null,"caller":{"filename":"resource://services-settings/RemoteSettingsClient.sys.mjs","name":"maybeSync","sourceId":22,"lineNumber":774,"columnNumber":35,"asyncCause":null,"asyncCaller":null,"caller":{"filename":"resource://gre/modules/AsyncShutdown.sys.mjs","name":"observe","sourceId":15,"lineNumber":569,"columnNumber":17,"asyncCause":null,"asyncCaller":null,"caller":null,"formattedStack":"observe@resource://gre/modules/AsyncShutdown.sys.mjs:569:17\n","nativeSavedFrame":{}},"formattedStack":"maybeSync@resource://services-settings/RemoteSettingsClient.sys.mjs:774:35\nobserve@resource://gre/modules/AsyncShutdown.sys.mjs:569:17\n","nativeSavedFrame":{}},"formattedStack":"_importChanges@resource://services-settings/RemoteSettingsClient.sys.mjs:1089:18\nmaybeSync@resource://services-settings/RemoteSettingsClient.sys.mjs:774:35\nobserve@resource://gre/modules/AsyncShutdown.sys.mjs:569:17\n","nativeSavedFrame":{}},"formattedStack":"_fetchChangeset@resource://services-settings/RemoteSettingsClient.sys.mjs:1227:22\n_importChanges@resource://services-settings/RemoteSettingsClient.sys.mjs:1089:18\nmaybeSync@resource://services-settings/RemoteSettingsClient.sys.mjs:774:35\nobserve@resource://gre/modules/AsyncShutdown.sys.mjs:569:17\n","nativeSavedFrame":{}},"formattedStack":"execute@resource://services-common/kinto-http-client.sys.mjs:2643:36\n_fetchChangeset@resource://services-settings/RemoteSettingsClient.sys.mjs:1227:22\n_importChanges@resource://services-settings/RemoteSettingsClient.sys.mjs:1089:18\nmaybeSync@resource://services-settings/RemoteSettingsClient.sys.mjs:774:35\nobserve@resource://gre/modules/AsyncShutdown.sys.mjs:569:17\n","nativeSavedFrame":{}},"formattedStack":"request@resource://services-common/kinto-http-client.sys.mjs:634:33\nexecute@resource://services-common/kinto-http-client.sys.mjs:2643:36\n_fetchChangeset@resource://services-settings/RemoteSettingsClient.sys.mjs:1227:22\n_importChanges@resource://services-settings/RemoteSettingsClient.sys.mjs:1089:18\nmaybeSync@resource://services-settings/RemoteSettingsClient.sys.mjs:774:35\nobserve@resource://gre/modules/AsyncShutdown.sys.mjs:569:17\n","nativeSavedFrame":{}},"formattedStack":"timedFetch@resource://services-common/kinto-http-client.sys.mjs:544:12\nrequest@resource://services-common/kinto-http-client.sys.mjs:634:33\nexecute@resource://services-common/kinto-http-client.sys.mjs:2643:36\n_fetchChangeset@resource://services-settings/RemoteSettingsClient.sys.mjs:1227:22\n_importChanges@resource://services-settings/RemoteSettingsClient.sys.mjs:1089:18\nmaybeSync@resource://services-settings/RemoteSettingsClient.sys.mjs:774:35\nobserve@resource://gre/modules/AsyncShutdown.sys.mjs:569:17\n","nativeSavedFrame":{}},"formattedStack":"timedFetch/<@resource://services-common/kinto-http-client.sys.mjs:569:12\ntimedFetch@resource://services-common/kinto-http-client.sys.mjs:544:12\nrequest@resource://services-common/kinto-http-client.sys.mjs:634:33\nexecute@resource://services-common/kinto-http-client.sys.mjs:2643:36\n_fetchChangeset@resource://services-settings/RemoteSettingsClient.sys.mjs:1227:22\n_importChanges@resource://services-settings/RemoteSettingsClient.sys.mjs:1089:18\nmaybeSync@resource://services-settings/RemoteSettingsClient.sys.mjs:774:35\nobserve@resource://gre/modules/AsyncShutdown.sys.mjs:569:17\n","nativeSavedFrame":{}},"formattedStack":"fetch@resource://services-settings/Utils.sys.mjs:219:12\ntimedFetch/<@resource://services-common/kinto-http-client.sys.mjs:569:12\ntimedFetch@resource://services-common/kinto-http-client.sys.mjs:544:12\nrequest@resource://services-common/kinto-http-client.sys.mjs:634:33\nexecute@resource://services-common/kinto-http-client.sys.mjs:2643:36\n_fetchChangeset@resource://services-settings/RemoteSettingsClient.sys.mjs:1227:22\n_importChanges@resource://services-settings/RemoteSettingsClient.sys.mjs:1089:18\nmaybeSync@resource://services-settings/RemoteSettingsClient.sys.mjs:774:35\nobserve@resource://gre/modules/AsyncShutdown.sys.mjs:569:17\n","nativeSavedFrame":{}},"formattedStack":"fetch/<@resource://services-settings/Utils.sys.mjs:268:15\nfetch@resource://services-settings/Utils.sys.mjs:219:12\ntimedFetch/<@resource://services-common/kinto-http-client.sys.mjs:569:12\ntimedFetch@resource://services-common/kinto-http-client.sys.mjs:544:12\nrequest@resource://services-common/kinto-http-client.sys.mjs:634:33\nexecute@resource://services-common/kinto-http-client.sys.mjs:2643:36\n_fetchChangeset@resource://services-settings/RemoteSettingsClient.sys.mjs:1227:22\n_importChanges@resource://services-settings/RemoteSettingsClient.sys.mjs:1089:18\nmaybeSync@resource://services-settings/RemoteSettingsClient.sys.mjs:774:35\nobserve@resource://gre/modules/AsyncShutdown.sys.mjs:569:17\n","nativeSavedFrame":{}},"formattedStack":"open@resource://gre/modules/ServiceRequest.sys.mjs:126:11\nfetch/<@resource://services-settings/Utils.sys.mjs:268:15\nfetch@resource://services-settings/Utils.sys.mjs:219:12\ntimedFetch/<@resource://services-common/kinto-http-client.sys.mjs:569:12\ntimedFetch@resource://services-common/kinto-http-client.sys.mjs:544:12\nrequest@resource://services-common/kinto-http-client.sys.mjs:634:33\nexecute@resource://services-common/kinto-http-client.sys.mjs:2643:36\n_fetchChangeset@resource://services-settings/RemoteSettingsClient.sys.mjs:1227:22\n_importChanges@resource://services-settings/RemoteSettingsClient.sys.mjs:1089:18\nmaybeSync@resource://services-settings/RemoteSettingsClient.sys.mjs:774:35\nobserve@resource://gre/modules/AsyncShutdown.sys.mjs:569:17\n","nativeSavedFrame":{}}
    - message = 
    - name = 
    - result = 2152071198
    - stack = open@resource://gre/modules/ServiceRequest.sys.mjs:126:11|fetch/<@resource://services-settings/Utils.sys.mjs:268:15|fetch@resource://services-settings/Utils.sys.mjs:219:12|timedFetch/<@resource://services-common/kinto-http-client.sys.mjs:569:12|timedFetch@resource://services-common/kinto-http-client.sys.mjs:544:12|request@resource://services-common/kinto-http-client.sys.mjs:634:33|execute@resource://services-common/kinto-http-client.sys.mjs:2643:36|_fetchChangeset@resource://services-settings/RemoteSettingsClient.sys.mjs:1227:22|_importChanges@resource://services-settings/RemoteSettingsClient.sys.mjs:1089:18|maybeSync@resource://services-settings/RemoteSettingsClient.sys.mjs:774:35|observe@resource://gre/modules/AsyncShutdown.sys.mjs:569:17|
  - prototype Object
console.warn: services.settings: blocklists/addons-bloomfilters sync interrupted by shutdown
console.warn: services.settings: main/nimbus-desktop-experiments sync interrupted by shutdown
console.warn: services.settings: main/fxmonitor-breaches sync interrupted by shutdown
console.warn: services.settings: main/nimbus-secure-experiments sync interrupted by shutdown
console.warn: services.settings: main/url-classifier-exceptions sync interrupted by shutdown
console.warn: services.settings: security-state/intermediates sync interrupted by shutdown
console.warn: services.settings: main/tracking-protection-lists sync interrupted by shutdown
console.warn: services.settings: main/search-telemetry-v2 sync interrupted by shutdown
console.warn: services.settings: main/translations-models sync interrupted by shutdown
console.warn: services.settings: main/cfr sync interrupted by shutdown
console.error: (new AbortError("IndexedDB: main/nimbus-web-experiments getLastModified() IndexedDB:  execute() A request was aborted, for example through a call to IDBTransaction.abort.", "resource://services-settings/IDBHelpers.sys.mjs", 16))
1780592272309	mozrunner::runner	INFO	Running command: MOZ_CRASHREPORTER="1" MOZ_CRASHREPORTER_NO_REPORT="1" MOZ_CRASHREPORTER_SHUTDOWN="1" "/usr/bin/firefox" "--m ... 80" "--remote-debugging-port" "36183" "--remote-allow-hosts" "localhost" "-no-remote" "-profile" "/tmp/rust_mozprofileKgrbxH"
*** You are running in headless mode.
console.warn: services.settings: Ignoring preference override of remote settings server
console.warn: services.settings: Allow by setting MOZ_REMOTE_SETTINGS_DEVTOOLS=1 in the environment
[GFX1-]: glxtest: Unable to open a connection to the X server
[GFX1-]: No GPUs detected via PCI

1780592274812	Marionette	INFO	Marionette enabled
console.error: "Warning: unrecognized command line flag" "-width"
console.error: "Warning: unrecognized command line flag" "-height"
1780592280574	Marionette	INFO	Listening on port 43239
Read port: 43239
WebDriver BiDi listening on ws://127.0.0.1:36183
1780592280824	RemoteAgent	WARN	TLS certificate errors will be ignored for this session
1780592282431	geckodriver	INFO	Listening on 127.0.0.1:53215
1780592282481	mozrunner::runner	INFO	Running command: MOZ_CRASHREPORTER="1" MOZ_CRASHREPORTER_NO_REPORT="1" MOZ_CRASHREPORTER_SHUTDOWN="1" "/usr/bin/firefox" "--m ... 80" "--remote-debugging-port" "38113" "--remote-allow-hosts" "localhost" "-no-remote" "-profile" "/tmp/rust_mozprofilexPLedq"
[GFX1-]: RenderCompositorSWGL failed mapping default framebuffer, no dt
*** You are running in headless mode.
console.warn: services.settings: Ignoring preference override of remote settings server
console.warn: services.settings: Allow by setting MOZ_REMOTE_SETTINGS_DEVTOOLS=1 in the environment
[GFX1-]: glxtest: Unable to open a connection to the X server
[GFX1-]: No GPUs detected via PCI

1780592283358	Marionette	INFO	Marionette enabled
console.error: "Warning: unrecognized command line flag" "-width"
console.error: "Warning: unrecognized command line flag" "-height"
1780592284421	Marionette	INFO	Listening on port 35061
WebDriver BiDi listening on ws://127.0.0.1:38113
Read port: 35061
1780592284773	RemoteAgent	WARN	TLS certificate errors will be ignored for this session
[GFX1-]: RenderCompositorSWGL failed mapping default framebuffer, no dt
console.warn: RSLoader: Recipe new-tab-151220260328211913-to-beta-150 not returned from collection nimbus-secure-experiments because it contains feature newtabTrainhopAddon, which is disallowed for that collection.
console.warn: RSLoader: Recipe new-tab-151220260328211913-to-release-only-149 not returned from collection nimbus-secure-experiments because it contains feature newtabTrainhopAddon, which is disallowed for that collection.
console.warn: RSLoader: Recipe new-tab-151320260419192959-to-release-only-150 not returned from collection nimbus-secure-experiments because it contains feature newtabTrainhopAddon, which is disallowed for that collection.
console.warn: RSLoader: Recipe new-tab-15202026050433143-to-release-only-150 not returned from collection nimbus-secure-experiments because it contains feature newtabTrainhopAddon, which is disallowed for that collection.
console.warn: RSLoader: Recipe new-tab-153020260521220634-to-release-151 not returned from collection nimbus-secure-experiments because it contains feature newtabTrainhopAddon, which is disallowed for that collection.
console.warn: RSLoader: Recipe new-tab-153120260528133333-to-release-151 not returned from collection nimbus-secure-experiments because it contains feature newtabTrainhopAddon, which is disallowed for that collection.
console.warn: RSLoader: Recipe new-tab-151220260328211913-to-beta-150 not returned from collection nimbus-secure-experiments because it contains feature newtabTrainhopAddon, which is disallowed for that collection.
console.warn: RSLoader: Recipe new-tab-151220260328211913-to-release-only-149 not returned from collection nimbus-secure-experiments because it contains feature newtabTrainhopAddon, which is disallowed for that collection.
console.warn: RSLoader: Recipe new-tab-151320260419192959-to-release-only-150 not returned from collection nimbus-secure-experiments because it contains feature newtabTrainhopAddon, which is disallowed for that collection.
console.warn: RSLoader: Recipe new-tab-15202026050433143-to-release-only-150 not returned from collection nimbus-secure-experiments because it contains feature newtabTrainhopAddon, which is disallowed for that collection.
console.warn: RSLoader: Recipe new-tab-153020260521220634-to-release-151 not returned from collection nimbus-secure-experiments because it contains feature newtabTrainhopAddon, which is disallowed for that collection.
console.warn: RSLoader: Recipe new-tab-153120260528133333-to-release-151 not returned from collection nimbus-secure-experiments because it contains feature newtabTrainhopAddon, which is disallowed for that collection.
[Parent 2999162, IPC I/O Parent] WARNING: process 3000103 exited on signal 15: file ./ipc/chromium/src/chrome/common/process_watcher_posix_sigchld.cc:134
A content process crashed and MOZ_CRASHREPORTER_SHUTDOWN is set, shutting down
1780592393549	Marionette	INFO	Stopped listening on port 35061
1780592393876	Marionette	INFO	Stopped listening on port 43239
console.error: "Failed to fetch https://ads.mozilla.org/v1/delete_user:" "NetworkError when attempting to fetch resource."
console.warn: TopSitesFeed: Failed to fetch data from MARS server: NetworkError when attempting to fetch resource.
JavaScript warning: https://js.hubspotfeedback.com/feedbackweb-new.js, line 1: Script terminated by timeout at:
a<@https://js.hubspotfeedback.com/feedbackweb-new.js:1:8001
M@https://js.hubspotfeedback.com/feedbackweb-new.js:1:8861
P@https://js.hubspotfeedback.com/feedbackweb-new.js:1:9197
F@https://js.hubspotfeedback.com/feedbackweb-new.js:1:9465
Tt@https://js.hubspotfeedback.com/feedbackweb-new.js:1:24055
@https://js.hubspotfeedback.com/feedbackweb-new.js:1:24863
hstc.tracking.Tracker.prototype.addCookieListener@https://js.hs-analytics.net/analytics/1657633500000/7171354.js:141:24783
n@https://js.hs-analytics.net/analytics/1657633500000/7171354.js:141:51713
@https://js.hubspotfeedback.com/feedbackweb-new.js:1:24785
@https://js.hubspotfeedback.com/feedbackweb-new.js:1:25010

JavaScript warning: https://accounts.google.com/gsi/iframe/select?client_id=889966620321-p0tmv3vgluivrk7ch9e5d67q9ligqgt6.apps.googleusercontent.com&auto_select=false&ux_mode=popup&ui_mode=card&context=signin&as=QUfKhGb9BL8SRbX9QOygsaSJEx_Yy6f8m6gTFPw0nzs&bs=c2%2FLvV3em6MH4RYyY%2B2ET%2Bw1%2BNBtmrJ9Fb5xmQ7Oltk&is_itp=true&channel_id=fc7148b1f045b2a62a06f60dee1fe4ea63eb093c6372b6ead4244877361d9a71&origin=https%3A%2F%2Fstatusinvest.com.br&oauth2_auth_url=https%3A%2F%2Faccounts.google.com%2Fo%2Foauth2%2Fv2%2Fauth, line 357: Script terminated by timeout at:
_.co@/_/gsi/_/js/k=gsi.gsi.pt_BR.oEGlTTU4_Z4.O/am=AAAAAAkC2AIC/d=1/rs=AF0KOtVRGAXGgQhxZe5wh0FATHtM-CgbLw/m=credential_server_library:357:373
Aq/<@/_/gsi/_/js/k=gsi.gsi.pt_BR.oEGlTTU4_Z4.O/am=AAAAAAkC2AIC/d=1/rs=AF0KOtVRGAXGgQhxZe5wh0FATHtM-CgbLw/m=credential_server_library:438:97

console.error: services.settings: 
  security-state/cert-revocations Signature failed  [Exception... "<no message>"  nsresult: "0x8046001e (<unknown>)"  location: "JS frame :: resource://gre/modules/ServiceRequest.sys.mjs :: open :: line 126"  data: no]
console.error: services.settings: 
Object
  - prototype Object
    - columnNumber = 0
    - data = null
    - filename = resource://gre/modules/ServiceRequest.sys.mjs
    - lineNumber = 126
    - location = {"name":"open","filename":"resource://gre/modules/ServiceRequest.sys.mjs","sourceId":25,"lineNumber":126,"columnNumber":11,"asyncCause":null,"asyncCaller":null,"caller":{"filename":"resource://services-settings/Utils.sys.mjs","name":"fetch/<","sourceId":24,"lineNumber":268,"columnNumber":15,"asyncCause":null,"asyncCaller":null,"caller":{"filename":"resource://services-settings/Utils.sys.mjs","name":"fetch","sourceId":24,"lineNumber":219,"columnNumber":12,"asyncCause":null,"asyncCaller":null,"caller":{"filename":"resource://services-settings/RemoteSettingsClient.sys.mjs","name":"validateCollectionSignature","sourceId":22,"lineNumber":1036,"columnNumber":47,"asyncCause":null,"asyncCaller":null,"caller":{"filename":"resource://services-settings/RemoteSettingsClient.sys.mjs","name":"_importChanges","sourceId":22,"lineNumber":1117,"columnNumber":20,"asyncCause":null,"asyncCaller":null,"caller":null,"formattedStack":"_importChanges@resource://services-settings/RemoteSettingsClient.sys.mjs:1117:20\n","nativeSavedFrame":{}},"formattedStack":"validateCollectionSignature@resource://services-settings/RemoteSettingsClient.sys.mjs:1036:47\n_importChanges@resource://services-settings/RemoteSettingsClient.sys.mjs:1117:20\n","nativeSavedFrame":{}},"formattedStack":"fetch@resource://services-settings/Utils.sys.mjs:219:12\nvalidateCollectionSignature@resource://services-settings/RemoteSettingsClient.sys.mjs:1036:47\n_importChanges@resource://services-settings/RemoteSettingsClient.sys.mjs:1117:20\n","nativeSavedFrame":{}},"formattedStack":"fetch/<@resource://services-settings/Utils.sys.mjs:268:15\nfetch@resource://services-settings/Utils.sys.mjs:219:12\nvalidateCollectionSignature@resource://services-settings/RemoteSettingsClient.sys.mjs:1036:47\n_importChanges@resource://services-settings/RemoteSettingsClient.sys.mjs:1117:20\n","nativeSavedFrame":{}},"formattedStack":"open@resource://gre/modules/ServiceRequest.sys.mjs:126:11\nfetch/<@resource://services-settings/Utils.sys.mjs:268:15\nfetch@resource://services-settings/Utils.sys.mjs:219:12\nvalidateCollectionSignature@resource://services-settings/RemoteSettingsClient.sys.mjs:1036:47\n_importChanges@resource://services-settings/RemoteSettingsClient.sys.mjs:1117:20\n","nativeSavedFrame":{}}
    - message = 
    - name = 
    - result = 2152071198
    - stack = open@resource://gre/modules/ServiceRequest.sys.mjs:126:11|fetch/<@resource://services-settings/Utils.sys.mjs:268:15|fetch@resource://services-settings/Utils.sys.mjs:219:12|validateCollectionSignature@resource://services-settings/RemoteSettingsClient.sys.mjs:1036:47|_importChanges@resource://services-settings/RemoteSettingsClient.sys.mjs:1117:20|
  - prototype Object
console.error: (new TypeError("WeakMap key null must be an object", "chrome://remote/content/shared/WindowManager.sys.mjs", 189))
console.error: "Failed to fetch https://ads.mozilla.org/v1/delete_user:" "NetworkError when attempting to fetch resource."
console.warn: TopSitesFeed: Failed to fetch data from MARS server: NetworkError when attempting to fetch resource.
console.error: (new TypeError("WeakMap key null must be an object", "chrome://remote/content/shared/WindowManager.sys.mjs", 189))
console.error: (new TypeError("WeakMap key null must be an object", "chrome://remote/content/shared/WindowManager.sys.mjs", 189))
console.warn: services.settings: main/url-classifier-exceptions sync interrupted by shutdown
console.warn: services.settings: security-state/intermediates sync interrupted by shutdown
console.warn: services.settings: main/tracking-protection-lists sync interrupted by shutdown
console.warn: services.settings: main/search-telemetry-v2 sync interrupted by shutdown
console.warn: services.settings: main/translations-models sync interrupted by shutdown
console.warn: services.settings: main/cfr sync interrupted by shutdown
console.warn: services.settings: main/newtab-wallpapers-v2 sync interrupted by shutdown
console.warn: services.settings: main/devtools-compatibility-browsers sync interrupted by shutdown
console.warn: services.settings: main/message-groups sync interrupted by shutdown
console.warn: services.settings: security-state/onecrl sync interrupted by shutdown
console.warn: services.settings: main/search-config-v2 sync interrupted by shutdown
console.warn: services.settings: main/search-config-icons sync interrupted by shutdown
console.warn: services.settings: main/moz-essential-domain-fallbacks sync interrupted by shutdown
console.warn: services.settings: main/search-default-override-allowlist sync interrupted by shutdown
console.warn: services.settings: main/urlbar-persisted-search-terms sync interrupted by shutdown
console.warn: services.settings: main/fingerprinting-protection-overrides sync interrupted by shutdown
console.warn: services.settings: main/devtools-devices sync interrupted by shutdown
console.warn: services.settings: blocklists/gfx sync interrupted by shutdown
console.warn: services.settings: main/remote-permissions sync interrupted by shutdown
console.warn: services.settings: main/doh-providers sync interrupted by shutdown
console.warn: services.settings: main/websites-with-shared-credential-backends sync interrupted by shutdown
console.warn: services.settings: main/password-rules sync interrupted by shutdown
console.warn: services.settings: main/top-sites sync interrupted by shutdown
console.warn: services.settings: main/doh-config sync interrupted by shutdown
console.warn: services.settings: main/translations-wasm sync interrupted by shutdown
console.warn: services.settings: main/partitioning-exempt-urls sync interrupted by shutdown
console.warn: services.settings: main/url-parser-default-unknown-schemes-interventions sync interrupted by shutdown
console.warn: services.settings: main/url-classifier-skip-urls sync interrupted by shutdown
console.warn: services.settings: main/normandy-recipes-capabilities sync interrupted by shutdown
console.warn: services.settings: main/search-categorization sync interrupted by shutdown
console.warn: services.settings: main/third-party-cookie-blocking-exempt-urls sync interrupted by shutdown
console.warn: services.settings: main/cookie-banner-rules-list sync interrupted by shutdown
console.warn: services.settings: main/search-config-overrides-v2 sync interrupted by shutdown
console.warn: services.settings: main/query-stripping sync interrupted by shutdown
console.warn: services.settings: main/addons-manager-settings sync interrupted by shutdown
console.warn: services.settings: main/password-recipes sync interrupted by shutdown
console.warn: services.settings: main/language-dictionaries sync interrupted by shutdown
console.warn: services.settings: main/hijack-blocklists sync interrupted by shutdown
console.warn: services.settings: main/anti-tracking-url-decoration sync interrupted by shutdown
console.warn: services.settings: main/sites-classification sync interrupted by shutdown
console.error: RemoteSecuritySettings: 
  failed to download CRLite filter
Object
  - prototype Object
    - columnNumber = 0
    - data = null
    - filename = resource://gre/modules/ServiceRequest.sys.mjs
    - lineNumber = 126
    - location = {"name":"open","filename":"resource://gre/modules/ServiceRequest.sys.mjs","sourceId":25,"lineNumber":126,"columnNumber":11,"asyncCause":null,"asyncCaller":null,"caller":{"filename":"resource://services-settings/Utils.sys.mjs","name":"fetch/<","sourceId":24,"lineNumber":268,"columnNumber":15,"asyncCause":null,"asyncCaller":null,"caller":{"filename":"resource://services-settings/Utils.sys.mjs","name":"fetch","sourceId":24,"lineNumber":219,"columnNumber":12,"asyncCause":null,"asyncCaller":null,"caller":{"filename":"resource://services-settings/Attachments.sys.mjs","name":"_fetchAttachment","sourceId":23,"lineNumber":554,"columnNumber":35,"asyncCause":null,"asyncCaller":null,"caller":{"filename":"resource://services-settings/Attachments.sys.mjs","name":"downloadAsBytes","sourceId":23,"lineNumber":531,"columnNumber":35,"asyncCause":null,"asyncCaller":null,"caller":{"filename":"resource://gre/modules/AsyncShutdown.sys.mjs","name":"observe","sourceId":15,"lineNumber":569,"columnNumber":17,"asyncCause":null,"asyncCaller":null,"caller":null,"formattedStack":"observe@resource://gre/modules/AsyncShutdown.sys.mjs:569:17\n","nativeSavedFrame":{}},"formattedStack":"downloadAsBytes@resource://services-settings/Attachments.sys.mjs:531:35\nobserve@resource://gre/modules/AsyncShutdown.sys.mjs:569:17\n","nativeSavedFrame":{}},"formattedStack":"_fetchAttachment@resource://services-settings/Attachments.sys.mjs:554:35\ndownloadAsBytes@resource://services-settings/Attachments.sys.mjs:531:35\nobserve@resource://gre/modules/AsyncShutdown.sys.mjs:569:17\n","nativeSavedFrame":{}},"formattedStack":"fetch@resource://services-settings/Utils.sys.mjs:219:12\n_fetchAttachment@resource://services-settings/Attachments.sys.mjs:554:35\ndownloadAsBytes@resource://services-settings/Attachments.sys.mjs:531:35\nobserve@resource://gre/modules/AsyncShutdown.sys.mjs:569:17\n","nativeSavedFrame":{}},"formattedStack":"fetch/<@resource://services-settings/Utils.sys.mjs:268:15\nfetch@resource://services-settings/Utils.sys.mjs:219:12\n_fetchAttachment@resource://services-settings/Attachments.sys.mjs:554:35\ndownloadAsBytes@resource://services-settings/Attachments.sys.mjs:531:35\nobserve@resource://gre/modules/AsyncShutdown.sys.mjs:569:17\n","nativeSavedFrame":{}},"formattedStack":"open@resource://gre/modules/ServiceRequest.sys.mjs:126:11\nfetch/<@resource://services-settings/Utils.sys.mjs:268:15\nfetch@resource://services-settings/Utils.sys.mjs:219:12\n_fetchAttachment@resource://services-settings/Attachments.sys.mjs:554:35\ndownloadAsBytes@resource://services-settings/Attachments.sys.mjs:531:35\nobserve@resource://gre/modules/AsyncShutdown.sys.mjs:569:17\n","nativeSavedFrame":{}}
    - message = 
    - name = 
    - result = 2152071198
    - stack = open@resource://gre/modules/ServiceRequest.sys.mjs:126:11|fetch/<@resource://services-settings/Utils.sys.mjs:268:15|fetch@resource://services-settings/Utils.sys.mjs:219:12|_fetchAttachment@resource://services-settings/Attachments.sys.mjs:554:35|downloadAsBytes@resource://services-settings/Attachments.sys.mjs:531:35|observe@resource://gre/modules/AsyncShutdown.sys.mjs:569:17|
  - prototype Object
console.error: RemoteSecuritySettings: 
  failed to download CRLite filter
Object
  - prototype Object
    - columnNumber = 0
    - data = null
    - filename = resource://gre/modules/ServiceRequest.sys.mjs
    - lineNumber = 126
    - location = {"name":"open","filename":"resource://gre/modules/ServiceRequest.sys.mjs","sourceId":25,"lineNumber":126,"columnNumber":11,"asyncCause":null,"asyncCaller":null,"caller":{"filename":"resource://services-settings/Utils.sys.mjs","name":"fetch/<","sourceId":24,"lineNumber":268,"columnNumber":15,"asyncCause":null,"asyncCaller":null,"caller":{"filename":"resource://services-settings/Utils.sys.mjs","name":"fetch","sourceId":24,"lineNumber":219,"columnNumber":12,"asyncCause":null,"asyncCaller":null,"caller":{"filename":"resource://services-settings/Attachments.sys.mjs","name":"_fetchAttachment","sourceId":23,"lineNumber":554,"columnNumber":35,"asyncCause":null,"asyncCaller":null,"caller":{"filename":"resource://services-settings/Attachments.sys.mjs","name":"downloadAsBytes","sourceId":23,"lineNumber":531,"columnNumber":35,"asyncCause":null,"asyncCaller":null,"caller":{"filename":"resource://gre/modules/AsyncShutdown.sys.mjs","name":"observe","sourceId":15,"lineNumber":569,"columnNumber":17,"asyncCause":null,"asyncCaller":null,"caller":null,"formattedStack":"observe@resource://gre/modules/AsyncShutdown.sys.mjs:569:17\n","nativeSavedFrame":{}},"formattedStack":"downloadAsBytes@resource://services-settings/Attachments.sys.mjs:531:35\nobserve@resource://gre/modules/AsyncShutdown.sys.mjs:569:17\n","nativeSavedFrame":{}},"formattedStack":"_fetchAttachment@resource://services-settings/Attachments.sys.mjs:554:35\ndownloadAsBytes@resource://services-settings/Attachments.sys.mjs:531:35\nobserve@resource://gre/modules/AsyncShutdown.sys.mjs:569:17\n","nativeSavedFrame":{}},"formattedStack":"fetch@resource://services-settings/Utils.sys.mjs:219:12\n_fetchAttachment@resource://services-settings/Attachments.sys.mjs:554:35\ndownloadAsBytes@resource://services-settings/Attachments.sys.mjs:531:35\nobserve@resource://gre/modules/AsyncShutdown.sys.mjs:569:17\n","nativeSavedFrame":{}},"formattedStack":"fetch/<@resource://services-settings/Utils.sys.mjs:268:15\nfetch@resource://services-settings/Utils.sys.mjs:219:12\n_fetchAttachment@resource://services-settings/Attachments.sys.mjs:554:35\ndownloadAsBytes@resource://services-settings/Attachments.sys.mjs:531:35\nobserve@resource://gre/modules/AsyncShutdown.sys.mjs:569:17\n","nativeSavedFrame":{}},"formattedStack":"open@resource://gre/modules/ServiceRequest.sys.mjs:126:11\nfetch/<@resource://services-settings/Utils.sys.mjs:268:15\nfetch@resource://services-settings/Utils.sys.mjs:219:12\n_fetchAttachment@resource://services-settings/Attachments.sys.mjs:554:35\ndownloadAsBytes@resource://services-settings/Attachments.sys.mjs:531:35\nobserve@resource://gre/modules/AsyncShutdown.sys.mjs:569:17\n","nativeSavedFrame":{}}
    - message = 
    - name = 
    - result = 2152071198
    - stack = open@resource://gre/modules/ServiceRequest.sys.mjs:126:11|fetch/<@resource://services-settings/Utils.sys.mjs:268:15|fetch@resource://services-settings/Utils.sys.mjs:219:12|_fetchAttachment@resource://services-settings/Attachments.sys.mjs:554:35|downloadAsBytes@resource://services-settings/Attachments.sys.mjs:531:35|observe@resource://gre/modules/AsyncShutdown.sys.mjs:569:17|
  - prototype Object
console.error: RemoteSecuritySettings: 
  failed to download CRLite filter
Object
  - prototype Object
    - columnNumber = 0
    - data = null
    - filename = resource://gre/modules/ServiceRequest.sys.mjs
    - lineNumber = 126
    - location = {"name":"open","filename":"resource://gre/modules/ServiceRequest.sys.mjs","sourceId":25,"lineNumber":126,"columnNumber":11,"asyncCause":null,"asyncCaller":null,"caller":{"filename":"resource://services-settings/Utils.sys.mjs","name":"fetch/<","sourceId":24,"lineNumber":268,"columnNumber":15,"asyncCause":null,"asyncCaller":null,"caller":{"filename":"resource://services-settings/Utils.sys.mjs","name":"fetch","sourceId":24,"lineNumber":219,"columnNumber":12,"asyncCause":null,"asyncCaller":null,"caller":{"filename":"resource://services-settings/Attachments.sys.mjs","name":"_fetchAttachment","sourceId":23,"lineNumber":554,"columnNumber":35,"asyncCause":null,"asyncCaller":null,"caller":{"filename":"resource://services-settings/Attachments.sys.mjs","name":"downloadAsBytes","sourceId":23,"lineNumber":531,"columnNumber":35,"asyncCause":null,"asyncCaller":null,"caller":{"filename":"resource://gre/modules/AsyncShutdown.sys.mjs","name":"observe","sourceId":15,"lineNumber":569,"columnNumber":17,"asyncCause":null,"asyncCaller":null,"caller":null,"formattedStack":"observe@resource://gre/modules/AsyncShutdown.sys.mjs:569:17\n","nativeSavedFrame":{}},"formattedStack":"downloadAsBytes@resource://services-settings/Attachments.sys.mjs:531:35\nobserve@resource://gre/modules/AsyncShutdown.sys.mjs:569:17\n","nativeSavedFrame":{}},"formattedStack":"_fetchAttachment@resource://services-settings/Attachments.sys.mjs:554:35\ndownloadAsBytes@resource://services-settings/Attachments.sys.mjs:531:35\nobserve@resource://gre/modules/AsyncShutdown.sys.mjs:569:17\n","nativeSavedFrame":{}},"formattedStack":"fetch@resource://services-settings/Utils.sys.mjs:219:12\n_fetchAttachment@resource://services-settings/Attachments.sys.mjs:554:35\ndownloadAsBytes@resource://services-settings/Attachments.sys.mjs:531:35\nobserve@resource://gre/modules/AsyncShutdown.sys.mjs:569:17\n","nativeSavedFrame":{}},"formattedStack":"fetch/<@resource://services-settings/Utils.sys.mjs:268:15\nfetch@resource://services-settings/Utils.sys.mjs:219:12\n_fetchAttachment@resource://services-settings/Attachments.sys.mjs:554:35\ndownloadAsBytes@resource://services-settings/Attachments.sys.mjs:531:35\nobserve@resource://gre/modules/AsyncShutdown.sys.mjs:569:17\n","nativeSavedFrame":{}},"formattedStack":"open@resource://gre/modules/ServiceRequest.sys.mjs:126:11\nfetch/<@resource://services-settings/Utils.sys.mjs:268:15\nfetch@resource://services-settings/Utils.sys.mjs:219:12\n_fetchAttachment@resource://services-settings/Attachments.sys.mjs:554:35\ndownloadAsBytes@resource://services-settings/Attachments.sys.mjs:531:35\nobserve@resource://gre/modules/AsyncShutdown.sys.mjs:569:17\n","nativeSavedFrame":{}}
    - message = 
    - name = 
    - result = 2152071198
    - stack = open@resource://gre/modules/ServiceRequest.sys.mjs:126:11|fetch/<@resource://services-settings/Utils.sys.mjs:268:15|fetch@resource://services-settings/Utils.sys.mjs:219:12|_fetchAttachment@resource://services-settings/Attachments.sys.mjs:554:35|downloadAsBytes@resource://services-settings/Attachments.sys.mjs:531:35|observe@resource://gre/modules/AsyncShutdown.sys.mjs:569:17|
  - prototype Object
console.error: RemoteSecuritySettings: 
  failed to download CRLite filter
Object
  - prototype Object
    - columnNumber = 0
    - data = null
    - filename = resource://gre/modules/ServiceRequest.sys.mjs
    - lineNumber = 126
    - location = {"name":"open","filename":"resource://gre/modules/ServiceRequest.sys.mjs","sourceId":25,"lineNumber":126,"columnNumber":11,"asyncCause":null,"asyncCaller":null,"caller":{"filename":"resource://services-settings/Utils.sys.mjs","name":"fetch/<","sourceId":24,"lineNumber":268,"columnNumber":15,"asyncCause":null,"asyncCaller":null,"caller":{"filename":"resource://services-settings/Utils.sys.mjs","name":"fetch","sourceId":24,"lineNumber":219,"columnNumber":12,"asyncCause":null,"asyncCaller":null,"caller":{"filename":"resource://services-settings/Attachments.sys.mjs","name":"_fetchAttachment","sourceId":23,"lineNumber":554,"columnNumber":35,"asyncCause":null,"asyncCaller":null,"caller":{"filename":"resource://services-settings/Attachments.sys.mjs","name":"downloadAsBytes","sourceId":23,"lineNumber":531,"columnNumber":35,"asyncCause":null,"asyncCaller":null,"caller":{"filename":"resource://gre/modules/AsyncShutdown.sys.mjs","name":"observe","sourceId":15,"lineNumber":569,"columnNumber":17,"asyncCause":null,"asyncCaller":null,"caller":null,"formattedStack":"observe@resource://gre/modules/AsyncShutdown.sys.mjs:569:17\n","nativeSavedFrame":{}},"formattedStack":"downloadAsBytes@resource://services-settings/Attachments.sys.mjs:531:35\nobserve@resource://gre/modules/AsyncShutdown.sys.mjs:569:17\n","nativeSavedFrame":{}},"formattedStack":"_fetchAttachment@resource://services-settings/Attachments.sys.mjs:554:35\ndownloadAsBytes@resource://services-settings/Attachments.sys.mjs:531:35\nobserve@resource://gre/modules/AsyncShutdown.sys.mjs:569:17\n","nativeSavedFrame":{}},"formattedStack":"fetch@resource://services-settings/Utils.sys.mjs:219:12\n_fetchAttachment@resource://services-settings/Attachments.sys.mjs:554:35\ndownloadAsBytes@resource://services-settings/Attachments.sys.mjs:531:35\nobserve@resource://gre/modules/AsyncShutdown.sys.mjs:569:17\n","nativeSavedFrame":{}},"formattedStack":"fetch/<@resource://services-settings/Utils.sys.mjs:268:15\nfetch@resource://services-settings/Utils.sys.mjs:219:12\n_fetchAttachment@resource://services-settings/Attachments.sys.mjs:554:35\ndownloadAsBytes@resource://services-settings/Attachments.sys.mjs:531:35\nobserve@resource://gre/modules/AsyncShutdown.sys.mjs:569:17\n","nativeSavedFrame":{}},"formattedStack":"open@resource://gre/modules/ServiceRequest.sys.mjs:126:11\nfetch/<@resource://services-settings/Utils.sys.mjs:268:15\nfetch@resource://services-settings/Utils.sys.mjs:219:12\n_fetchAttachment@resource://services-settings/Attachments.sys.mjs:554:35\ndownloadAsBytes@resource://services-settings/Attachments.sys.mjs:531:35\nobserve@resource://gre/modules/AsyncShutdown.sys.mjs:569:17\n","nativeSavedFrame":{}}
    - message = 
    - name = 
    - result = 2152071198
    - stack = open@resource://gre/modules/ServiceRequest.sys.mjs:126:11|fetch/<@resource://services-settings/Utils.sys.mjs:268:15|fetch@resource://services-settings/Utils.sys.mjs:219:12|_fetchAttachment@resource://services-settings/Attachments.sys.mjs:554:35|downloadAsBytes@resource://services-settings/Attachments.sys.mjs:531:35|observe@resource://gre/modules/AsyncShutdown.sys.mjs:569:17|
  - prototype Object
1780592406253	geckodriver	INFO	Listening on 127.0.0.1:58531
1780592406337	geckodriver	INFO	Listening on 127.0.0.1:36451
1780592406408	geckodriver	INFO	Listening on 127.0.0.1:40929
1780592408706	mozrunner::runner	INFO	Running command: MOZ_CRASHREPORTER="1" MOZ_CRASHREPORTER_NO_REPORT="1" MOZ_CRASHREPORTER_SHUTDOWN="1" "/usr/bin/firefox" "--m ... 80" "--remote-debugging-port" "55931" "--remote-allow-hosts" "localhost" "-no-remote" "-profile" "/tmp/rust_mozprofiletCRKRH"
1780592408719	mozrunner::runner	INFO	Running command: MOZ_CRASHREPORTER="1" MOZ_CRASHREPORTER_NO_REPORT="1" MOZ_CRASHREPORTER_SHUTDOWN="1" "/usr/bin/firefox" "--m ... 80" "--remote-debugging-port" "46109" "--remote-allow-hosts" "localhost" "-no-remote" "-profile" "/tmp/rust_mozprofileFYEnVF"
1780592408724	mozrunner::runner	INFO	Running command: MOZ_CRASHREPORTER="1" MOZ_CRASHREPORTER_NO_REPORT="1" MOZ_CRASHREPORTER_SHUTDOWN="1" "/usr/bin/firefox" "--m ... 80" "--remote-debugging-port" "33297" "--remote-allow-hosts" "localhost" "-no-remote" "-profile" "/tmp/rust_mozprofileyAaJly"
*** You are running in headless mode.
*** You are running in headless mode.
*** You are running in headless mode.
console.warn: services.settings: Ignoring preference override of remote settings server
console.warn: services.settings: Allow by setting MOZ_REMOTE_SETTINGS_DEVTOOLS=1 in the environment
[GFX1-]: glxtest: Unable to open a connection to the X server
[GFX1-]: No GPUs detected via PCI

1780592410817	Marionette	INFO	Marionette enabled
console.error: "Warning: unrecognized command line flag" "-width"
console.error: "Warning: unrecognized command line flag" "-height"
1780592411671	Marionette	INFO	Listening on port 34007
WebDriver BiDi listening on ws://127.0.0.1:46109
Read port: 34007
console.warn: services.settings: Ignoring preference override of remote settings server
console.warn: services.settings: Allow by setting MOZ_REMOTE_SETTINGS_DEVTOOLS=1 in the environment
1780592411976	RemoteAgent	WARN	TLS certificate errors will be ignored for this session
[GFX1-]: glxtest: Unable to open a connection to the X server
[GFX1-]: No GPUs detected via PCI

1780592412800	Marionette	INFO	Marionette enabled
console.error: "Warning: unrecognized command line flag" "-width"
console.error: "Warning: unrecognized command line flag" "-height"
1780592413932	Marionette	INFO	Listening on port 32931
Read port: 32931
WebDriver BiDi listening on ws://127.0.0.1:33297
console.warn: services.settings: Ignoring preference override of remote settings server
console.warn: services.settings: Allow by setting MOZ_REMOTE_SETTINGS_DEVTOOLS=1 in the environment
1780592414199	RemoteAgent	WARN	TLS certificate errors will be ignored for this session
[GFX1-]: RenderCompositorSWGL failed mapping default framebuffer, no dt
[GFX1-]: glxtest: Unable to open a connection to the X server
[GFX1-]: No GPUs detected via PCI

1780592415758	Marionette	INFO	Marionette enabled
[GFX1-]: RenderCompositorSWGL failed mapping default framebuffer, no dt
console.error: "Warning: unrecognized command line flag" "-width"
console.error: "Warning: unrecognized command line flag" "-height"
1780592417253	Marionette	INFO	Listening on port 35917
Read port: 35917
WebDriver BiDi listening on ws://127.0.0.1:55931
1780592417604	Marionette	INFO	Stopped listening on port 33729
Read port: 35917
1780592422634	RemoteAgent	WARN	TLS certificate errors will be ignored for this session
console.error: "Failed to fetch https://ads.mozilla.org/v1/delete_user:" "NetworkError when attempting to fetch resource."
console.warn: TopSitesFeed: Failed to fetch data from MARS server: NetworkError when attempting to fetch resource.
console.warn: RSLoader: Recipe new-tab-151220260328211913-to-beta-150 not returned from collection nimbus-secure-experiments because it contains feature newtabTrainhopAddon, which is disallowed for that collection.
console.warn: RSLoader: Recipe new-tab-151220260328211913-to-release-only-149 not returned from collection nimbus-secure-experiments because it contains feature newtabTrainhopAddon, which is disallowed for that collection.
console.warn: RSLoader: Recipe new-tab-151320260419192959-to-release-only-150 not returned from collection nimbus-secure-experiments because it contains feature newtabTrainhopAddon, which is disallowed for that collection.
console.warn: RSLoader: Recipe new-tab-15202026050433143-to-release-only-150 not returned from collection nimbus-secure-experiments because it contains feature newtabTrainhopAddon, which is disallowed for that collection.
console.warn: RSLoader: Recipe new-tab-153020260521220634-to-release-151 not returned from collection nimbus-secure-experiments because it contains feature newtabTrainhopAddon, which is disallowed for that collection.
console.warn: RSLoader: Recipe new-tab-153120260528133333-to-release-151 not returned from collection nimbus-secure-experiments because it contains feature newtabTrainhopAddon, which is disallowed for that collection.
[GFX1-]: RenderCompositorSWGL failed mapping default framebuffer, no dt
console.error: (new TypeError("can't access property \"find\", this._searchProviderInfo is null", "moz-src:///browser/components/search/SearchSERPTelemetry.sys.mjs", 978))
console.warn: RSLoader: Recipe new-tab-151220260328211913-to-beta-150 not returned from collection nimbus-secure-experiments because it contains feature newtabTrainhopAddon, which is disallowed for that collection.
console.warn: RSLoader: Recipe new-tab-151220260328211913-to-release-only-149 not returned from collection nimbus-secure-experiments because it contains feature newtabTrainhopAddon, which is disallowed for that collection.
console.warn: RSLoader: Recipe new-tab-151320260419192959-to-release-only-150 not returned from collection nimbus-secure-experiments because it contains feature newtabTrainhopAddon, which is disallowed for that collection.
console.warn: RSLoader: Recipe new-tab-15202026050433143-to-release-only-150 not returned from collection nimbus-secure-experiments because it contains feature newtabTrainhopAddon, which is disallowed for that collection.
console.warn: RSLoader: Recipe new-tab-153020260521220634-to-release-151 not returned from collection nimbus-secure-experiments because it contains feature newtabTrainhopAddon, which is disallowed for that collection.
console.warn: RSLoader: Recipe new-tab-153120260528133333-to-release-151 not returned from collection nimbus-secure-experiments because it contains feature newtabTrainhopAddon, which is disallowed for that collection.
console.warn: RSLoader: Recipe new-tab-151220260328211913-to-beta-150 not returned from collection nimbus-secure-experiments because it contains feature newtabTrainhopAddon, which is disallowed for that collection.
console.warn: RSLoader: Recipe new-tab-151220260328211913-to-release-only-149 not returned from collection nimbus-secure-experiments because it contains feature newtabTrainhopAddon, which is disallowed for that collection.
console.warn: RSLoader: Recipe new-tab-151320260419192959-to-release-only-150 not returned from collection nimbus-secure-experiments because it contains feature newtabTrainhopAddon, which is disallowed for that collection.
console.warn: RSLoader: Recipe new-tab-15202026050433143-to-release-only-150 not returned from collection nimbus-secure-experiments because it contains feature newtabTrainhopAddon, which is disallowed for that collection.
console.warn: RSLoader: Recipe new-tab-153020260521220634-to-release-151 not returned from collection nimbus-secure-experiments because it contains feature newtabTrainhopAddon, which is disallowed for that collection.
console.warn: RSLoader: Recipe new-tab-153120260528133333-to-release-151 not returned from collection nimbus-secure-experiments because it contains feature newtabTrainhopAddon, which is disallowed for that collection.
1780592465409	RemoteAgent	WARN	TimedPromise timed out after 500 ms: stacktrace:
TimedPromise/<@chrome://remote/content/shared/Sync.sys.mjs:448:24
TimedPromise@chrome://remote/content/shared/Sync.sys.mjs:432:10
interaction.flushEventLoop@chrome://remote/content/marionette/interaction.sys.mjs:465:10
webdriverClickElement@chrome://remote/content/marionette/interaction.sys.mjs:218:33
A content process crashed and MOZ_CRASHREPORTER_SHUTDOWN is set, shutting down
A content process crashed and MOZ_CRASHREPORTER_SHUTDOWN is set, shutting down
JavaScript error: chrome://global/content/elements/browser-custom-element.mjs, line 1751: Error: permitUnload is already running for this tab.
[Parent 3000664, IPC I/O Parent] WARNING: process 3002613 exited on signal 15: file ./ipc/chromium/src/chrome/common/process_watcher_posix_sigchld.cc:134
1780592593966	RemoteAgent	WARN	TimedPromise timed out after 500 ms: stacktrace:
TimedPromise/<@chrome://remote/content/shared/Sync.sys.mjs:448:24
TimedPromise@chrome://remote/content/shared/Sync.sys.mjs:432:10
interaction.flushEventLoop@chrome://remote/content/marionette/interaction.sys.mjs:465:10
webdriverClickElement@chrome://remote/content/marionette/interaction.sys.mjs:218:33
A content process crashed and MOZ_CRASHREPORTER_SHUTDOWN is set, shutting down
1780592594994	Marionette	INFO	Stopped listening on port 32931
console.error: (new TypeError("WeakMap key null must be an object", "chrome://remote/content/shared/WindowManager.sys.mjs", 189))
console.error: "Failed to fetch https://ads.mozilla.org/v1/delete_user:" "NetworkError when attempting to fetch resource."
console.warn: TopSitesFeed: Failed to fetch data from MARS server: NetworkError when attempting to fetch resource.
console.error: services.settings: 
  Message: AbortError: IndexedDB: main/nimbus-desktop-experiments list() IndexedDB:  execute() A request was aborted, for example through a call to IDBTransaction.abort.
console.warn: services.settings: main/fxmonitor-breaches sync interrupted by shutdown
console.error: (new Error("IndexedDB: main/quicksuggest-amp getLastModified() IndexedDB:  execute() The application is shutting down", "resource://services-settings/IDBHelpers.sys.mjs", 16))
console.error: services.settings: 
  Message: Error: IndexedDB: main/newtab-wallpapers-v2 list() IndexedDB:  execute() The application is shutting down
  Stack:
    IndexedDBError@resource://services-settings/IDBHelpers.sys.mjs:14:15
ShutdownError@resource://services-settings/IDBHelpers.sys.mjs:24:5
executeIDB@resource://services-settings/Database.sys.mjs:486:13
list@resource://services-settings/Database.sys.mjs:36:13
get@resource://services-settings/RemoteSettingsClient.sys.mjs:553:28
observe@resource://gre/modules/AsyncShutdown.sys.mjs:569:17

1780592600816	geckodriver::marionette	ERROR	Failed to close browser connection: unknown error
[ERROR glean_core::database] Failed to record metric 'dirtybit' into glean_internal_info: Error { kind: Rkv(IoError(Os { code: 2, kind: NotFound, message: "Arquivo ou diretório inexistente" })) }
[ERROR glean_core] Can't persist ping lifetime data: Error { kind: Rkv(IoError(Os { code: 2, kind: NotFound, message: "Arquivo ou diretório inexistente" })) }
1780592602537	geckodriver	INFO	Listening on 127.0.0.1:52115
1780592602575	geckodriver	INFO	Listening on 127.0.0.1:44491
1780592602676	geckodriver	INFO	Listening on 127.0.0.1:41663
1780592605615	mozrunner::runner	INFO	Running command: MOZ_CRASHREPORTER="1" MOZ_CRASHREPORTER_NO_REPORT="1" MOZ_CRASHREPORTER_SHUTDOWN="1" "/usr/bin/firefox" "--m ... 80" "--remote-debugging-port" "40957" "--remote-allow-hosts" "localhost" "-no-remote" "-profile" "/tmp/rust_mozprofile5p3zTP"
1780592605617	mozrunner::runner	INFO	Running command: MOZ_CRASHREPORTER="1" MOZ_CRASHREPORTER_NO_REPORT="1" MOZ_CRASHREPORTER_SHUTDOWN="1" "/usr/bin/firefox" "--m ... 80" "--remote-debugging-port" "57199" "--remote-allow-hosts" "localhost" "-no-remote" "-profile" "/tmp/rust_mozprofileR6JfBj"
1780592605902	mozrunner::runner	INFO	Running command: MOZ_CRASHREPORTER="1" MOZ_CRASHREPORTER_NO_REPORT="1" MOZ_CRASHREPORTER_SHUTDOWN="1" "/usr/bin/firefox" "--m ... 80" "--remote-debugging-port" "34501" "--remote-allow-hosts" "localhost" "-no-remote" "-profile" "/tmp/rust_mozprofileB2wedK"
JavaScript warning: https://js.hs-analytics.net/analytics/1657633500000/7171354.js, line 141: Failed to create WebGL context: WebGL creation failed: 
* WebglAllowWindowsNativeGl:false restricts context creation on this system. ()
* Exhausted GL driver options. (FEATURE_FAILURE_WEBGL_EXHAUSTED_DRIVERS)
JavaScript warning: https://js.hs-analytics.net/analytics/1657633500000/7171354.js, line 141: Failed to create WebGL context: WebGL creation failed: 
* WebglAllowWindowsNativeGl:false restricts context creation on this system. ()
* Exhausted GL driver options. (FEATURE_FAILURE_WEBGL_EXHAUSTED_DRIVERS)
*** You are running in headless mode.
*** You are running in headless mode.
*** You are running in headless mode.
JavaScript warning: https://js.hs-analytics.net/analytics/1657633500000/7171354.js, line 141: Failed to create WebGL context: WebGL creation failed: 
* WebglAllowWindowsNativeGl:false restricts context creation on this system. ()
* Exhausted GL driver options. (FEATURE_FAILURE_WEBGL_EXHAUSTED_DRIVERS)
JavaScript warning: https://js.hs-analytics.net/analytics/1657633500000/7171354.js, line 141: Failed to create WebGL context: WebGL creation failed: 
* WebglAllowWindowsNativeGl:false restricts context creation on this system. ()
* Exhausted GL driver options. (FEATURE_FAILURE_WEBGL_EXHAUSTED_DRIVERS)
1780592607280	Marionette	INFO	Stopped listening on port 41921
JavaScript error: https://static.hsappstatic.net/feedback-web-renderer-ui/static-1.30191/bundles/fetcher.js, line 1: SecurityError: The operation is insecure.
1780592607763	Marionette	INFO	Stopped listening on port 35917
console.warn: services.settings: Ignoring preference override of remote settings server
console.warn: services.settings: Allow by setting MOZ_REMOTE_SETTINGS_DEVTOOLS=1 in the environment
JavaScript warning: https://scripts.clarity.ms/0.8.64/clarity.js, line 2: Script terminated by timeout at:
o@https://scripts.clarity.ms/0.8.64/clarity.js:2:5309

console.error: "Failed to fetch https://ads.mozilla.org/v1/delete_user:" "NetworkError when attempting to fetch resource."
console.warn: services.settings: main/nimbus-secure-experiments sync interrupted by shutdown
console.warn: services.settings: main/url-classifier-exceptions sync interrupted by shutdown
console.warn: TopSitesFeed: Failed to fetch data from MARS server: NetworkError when attempting to fetch resource.
console.warn: services.settings: security-state/intermediates sync interrupted by shutdown
console.warn: services.settings: main/tracking-protection-lists sync interrupted by shutdown
console.error: "Failed to fetch https://ads.mozilla.org/v1/delete_user:" "NetworkError when attempting to fetch resource."
console.warn: TopSitesFeed: Failed to fetch data from MARS server: NetworkError when attempting to fetch resource.
console.warn: services.settings: main/search-telemetry-v2 sync interrupted by shutdown
console.warn: services.settings: main/translations-models sync interrupted by shutdown
console.warn: services.settings: main/cfr sync interrupted by shutdown
console.warn: services.settings: main/newtab-wallpapers-v2 sync interrupted by shutdown
console.warn: services.settings: main/devtools-compatibility-browsers sync interrupted by shutdown
console.warn: services.settings: main/message-groups sync interrupted by shutdown
console.warn: services.settings: security-state/onecrl sync interrupted by shutdown
console.warn: services.settings: main/search-config-v2 sync interrupted by shutdown
console.warn: services.settings: main/search-config-icons sync interrupted by shutdown
console.warn: services.settings: main/moz-essential-domain-fallbacks sync interrupted by shutdown
console.warn: services.settings: main/search-default-override-allowlist sync interrupted by shutdown
[GFX1-]: glxtest: Unable to open a connection to the X server
[GFX1-]: No GPUs detected via PCI

1780592610192	Marionette	INFO	Marionette enabled
console.warn: services.settings: main/urlbar-persisted-search-terms sync interrupted by shutdown
console.warn: services.settings: main/fingerprinting-protection-overrides sync interrupted by shutdown
console.warn: services.settings: main/devtools-devices sync interrupted by shutdown
console.warn: services.settings: blocklists/gfx sync interrupted by shutdown
console.warn: services.settings: main/remote-permissions sync interrupted by shutdown
console.warn: services.settings: main/doh-providers sync interrupted by shutdown
console.warn: services.settings: main/websites-with-shared-credential-backends sync interrupted by shutdown
console.warn: services.settings: main/password-rules sync interrupted by shutdown
console.warn: services.settings: main/top-sites sync interrupted by shutdown
console.warn: services.settings: main/doh-config sync interrupted by shutdown
console.warn: services.settings: main/translations-wasm sync interrupted by shutdown
console.warn: services.settings: main/partitioning-exempt-urls sync interrupted by shutdown
console.warn: services.settings: main/url-parser-default-unknown-schemes-interventions sync interrupted by shutdown
console.warn: services.settings: main/url-classifier-skip-urls sync interrupted by shutdown
console.warn: services.settings: main/normandy-recipes-capabilities sync interrupted by shutdown
console.warn: services.settings: main/search-categorization sync interrupted by shutdown
console.warn: services.settings: main/third-party-cookie-blocking-exempt-urls sync interrupted by shutdown
console.warn: services.settings: main/cookie-banner-rules-list sync interrupted by shutdown
console.error: (new Error("IndexedDB: main/backup-common-passwords-list getLastModified() IndexedDB:  execute() The application is shutting down", "resource://services-settings/IDBHelpers.sys.mjs", 16))
console.warn: services.settings: Ignoring preference override of remote settings server
console.warn: services.settings: Allow by setting MOZ_REMOTE_SETTINGS_DEVTOOLS=1 in the environment
console.warn: services.settings: Ignoring preference override of remote settings server
console.warn: services.settings: Allow by setting MOZ_REMOTE_SETTINGS_DEVTOOLS=1 in the environment
console.error: "Warning: unrecognized command line flag" "-width"
console.error: "Warning: unrecognized command line flag" "-height"
[GFX1-]: glxtest: Unable to open a connection to the X server
[GFX1-]: No GPUs detected via PCI

1780592612691	Marionette	INFO	Marionette enabled
1780592612742	Marionette	INFO	Listening on port 33589
WebDriver BiDi listening on ws://127.0.0.1:34501
Read port: 33589
[GFX1-]: glxtest: Unable to open a connection to the X server
[GFX1-]: No GPUs detected via PCI

1780592612959	Marionette	INFO	Marionette enabled
1780592613203	RemoteAgent	WARN	TLS certificate errors will be ignored for this session
console.error: "Warning: unrecognized command line flag" "-width"
console.error: "Warning: unrecognized command line flag" "-height"
1780592614027	Marionette	INFO	Listening on port 44709
Read port: 44709
WebDriver BiDi listening on ws://127.0.0.1:57199
console.error: "Warning: unrecognized command line flag" "-width"
console.error: "Warning: unrecognized command line flag" "-height"
1780592617094	RemoteAgent	WARN	TLS certificate errors will be ignored for this session
1780592617158	Marionette	INFO	Listening on port 45339
WebDriver BiDi listening on ws://127.0.0.1:40957
Read port: 45339
1780592617563	RemoteAgent	WARN	TLS certificate errors will be ignored for this session
[GFX1-]: RenderCompositorSWGL failed mapping default framebuffer, no dt
[GFX1-]: RenderCompositorSWGL failed mapping default framebuffer, no dt
[GFX1-]: RenderCompositorSWGL failed mapping default framebuffer, no dt
console.warn: RSLoader: Recipe new-tab-151220260328211913-to-beta-150 not returned from collection nimbus-secure-experiments because it contains feature newtabTrainhopAddon, which is disallowed for that collection.
console.warn: RSLoader: Recipe new-tab-151220260328211913-to-release-only-149 not returned from collection nimbus-secure-experiments because it contains feature newtabTrainhopAddon, which is disallowed for that collection.
console.warn: RSLoader: Recipe new-tab-151320260419192959-to-release-only-150 not returned from collection nimbus-secure-experiments because it contains feature newtabTrainhopAddon, which is disallowed for that collection.
console.warn: RSLoader: Recipe new-tab-15202026050433143-to-release-only-150 not returned from collection nimbus-secure-experiments because it contains feature newtabTrainhopAddon, which is disallowed for that collection.
console.warn: RSLoader: Recipe new-tab-153020260521220634-to-release-151 not returned from collection nimbus-secure-experiments because it contains feature newtabTrainhopAddon, which is disallowed for that collection.
console.warn: RSLoader: Recipe new-tab-153120260528133333-to-release-151 not returned from collection nimbus-secure-experiments because it contains feature newtabTrainhopAddon, which is disallowed for that collection.
console.warn: RSLoader: Recipe new-tab-151220260328211913-to-beta-150 not returned from collection nimbus-secure-experiments because it contains feature newtabTrainhopAddon, which is disallowed for that collection.
console.warn: RSLoader: Recipe new-tab-151220260328211913-to-release-only-149 not returned from collection nimbus-secure-experiments because it contains feature newtabTrainhopAddon, which is disallowed for that collection.
console.warn: RSLoader: Recipe new-tab-151320260419192959-to-release-only-150 not returned from collection nimbus-secure-experiments because it contains feature newtabTrainhopAddon, which is disallowed for that collection.
console.warn: RSLoader: Recipe new-tab-15202026050433143-to-release-only-150 not returned from collection nimbus-secure-experiments because it contains feature newtabTrainhopAddon, which is disallowed for that collection.
console.warn: RSLoader: Recipe new-tab-153020260521220634-to-release-151 not returned from collection nimbus-secure-experiments because it contains feature newtabTrainhopAddon, which is disallowed for that collection.
console.warn: RSLoader: Recipe new-tab-153120260528133333-to-release-151 not returned from collection nimbus-secure-experiments because it contains feature newtabTrainhopAddon, which is disallowed for that collection.
console.warn: RSLoader: Recipe new-tab-151220260328211913-to-beta-150 not returned from collection nimbus-secure-experiments because it contains feature newtabTrainhopAddon, which is disallowed for that collection.
console.warn: RSLoader: Recipe new-tab-151220260328211913-to-release-only-149 not returned from collection nimbus-secure-experiments because it contains feature newtabTrainhopAddon, which is disallowed for that collection.
console.warn: RSLoader: Recipe new-tab-151320260419192959-to-release-only-150 not returned from collection nimbus-secure-experiments because it contains feature newtabTrainhopAddon, which is disallowed for that collection.
console.warn: RSLoader: Recipe new-tab-15202026050433143-to-release-only-150 not returned from collection nimbus-secure-experiments because it contains feature newtabTrainhopAddon, which is disallowed for that collection.
console.warn: RSLoader: Recipe new-tab-153020260521220634-to-release-151 not returned from collection nimbus-secure-experiments because it contains feature newtabTrainhopAddon, which is disallowed for that collection.
console.warn: RSLoader: Recipe new-tab-153120260528133333-to-release-151 not returned from collection nimbus-secure-experiments because it contains feature newtabTrainhopAddon, which is disallowed for that collection.
[Parent 3003111, IPC I/O Parent] WARNING: process 3005692 exited on signal 15: file ./ipc/chromium/src/chrome/common/process_watcher_posix_sigchld.cc:134
[Parent 3003111, IPC I/O Parent] WARNING: process 3005651 exited on signal 15: file ./ipc/chromium/src/chrome/common/process_watcher_posix_sigchld.cc:134
A content process crashed and MOZ_CRASHREPORTER_SHUTDOWN is set, shutting down
A content process crashed and MOZ_CRASHREPORTER_SHUTDOWN is set, shutting down
JavaScript error: chrome://global/content/elements/browser-custom-element.mjs, line 1751: Error: permitUnload is already running for this tab.
[Parent 3003113, IPC I/O Parent] WARNING: process 3005775 exited on signal 15: file ./ipc/chromium/src/chrome/common/process_watcher_posix_sigchld.cc:134
A content process crashed and MOZ_CRASHREPORTER_SHUTDOWN is set, shutting down
JavaScript warning: https://js.hs-analytics.net/analytics/1657633500000/7171354.js, line 141: Failed to create WebGL context: WebGL creation failed: 
* WebglAllowWindowsNativeGl:false restricts context creation on this system. ()
* Exhausted GL driver options. (FEATURE_FAILURE_WEBGL_EXHAUSTED_DRIVERS)
[Parent 3003159, IPC I/O Parent] WARNING: process 3005746 exited on signal 15: file ./ipc/chromium/src/chrome/common/process_watcher_posix_sigchld.cc:134
[Parent 3003159, IPC I/O Parent] WARNING: process 3005768 exited on signal 15: file ./ipc/chromium/src/chrome/common/process_watcher_posix_sigchld.cc:134
JavaScript warning: https://js.hs-analytics.net/analytics/1657633500000/7171354.js, line 141: Failed to create WebGL context: WebGL creation failed: 
* WebglAllowWindowsNativeGl:false restricts context creation on this system. ()
* Exhausted GL driver options. (FEATURE_FAILURE_WEBGL_EXHAUSTED_DRIVERS)
[Parent 3003159, IPC I/O Parent] WARNING: process 3005765 exited on signal 15: file ./ipc/chromium/src/chrome/common/process_watcher_posix_sigchld.cc:134
A content process crashed and MOZ_CRASHREPORTER_SHUTDOWN is set, shutting down
A content process crashed and MOZ_CRASHREPORTER_SHUTDOWN is set, shutting down
A content process crashed and MOZ_CRASHREPORTER_SHUTDOWN is set, shutting down
JavaScript error: chrome://global/content/elements/browser-custom-element.mjs, line 1751: Error: permitUnload is already running for this tab.
1780592716230	Marionette	INFO	Stopped listening on port 44709
JavaScript warning: https://js.hs-analytics.net/analytics/1657633500000/7171354.js, line 141: Failed to create WebGL context: WebGL creation failed: 
* WebglAllowWindowsNativeGl:false restricts context creation on this system. ()
* Exhausted GL driver options. (FEATURE_FAILURE_WEBGL_EXHAUSTED_DRIVERS)
JavaScript warning: https://js.hs-analytics.net/analytics/1657633500000/7171354.js, line 141: Script terminated by timeout at:
Ze@https://js.hs-analytics.net/analytics/1657633500000/7171354.js:141:104868
Ge@https://js.hs-analytics.net/analytics/1657633500000/7171354.js:141:103287
s@https://js.hs-analytics.net/analytics/1657633500000/7171354.js:141:74279
O/n<@https://js.hs-analytics.net/analytics/1657633500000/7171354.js:141:78404
O@https://js.hs-analytics.net/analytics/1657633500000/7171354.js:141:78367
M/o<@https://js.hs-analytics.net/analytics/1657633500000/7171354.js:141:78846
a@https://js.hs-analytics.net/analytics/1657633500000/7171354.js:141:74449

1780592717271	Marionette	INFO	Stopped listening on port 33589
1780592717419	Marionette	INFO	Stopped listening on port 45339
JavaScript error: chrome://global/content/elements/browser-custom-element.mjs, line 1751: Error: permitUnload is already running for this tab.
JavaScript warning: https://js.hubspot.com/web-interactives-embed.js, line 1: Script terminated by timeout at:
o@https://js.hubspot.com/web-interactives-embed.js:1:2904
registerHandlers@https://js.hubspot.com/web-interactives-embed.js:1:3132
registerHandlers@https://js.hubspot.com/web-interactives-embed.js:1:75622
init@https://js.hubspot.com/web-interactives-embed.js:1:75508
init@https://js.hubspot.com/web-interactives-embed.js:1:94511
Gn@https://js.hubspot.com/web-interactives-embed.js:1:97691

console.error: "Failed to fetch https://ads.mozilla.org/v1/delete_user:" "NetworkError when attempting to fetch resource."
console.warn: TopSitesFeed: Failed to fetch data from MARS server: NetworkError when attempting to fetch resource.
console.error: (new TypeError("WeakMap key null must be an object", "chrome://remote/content/shared/WindowManager.sys.mjs", 189))
console.error: "Failed to fetch https://ads.mozilla.org/v1/delete_user:" "NetworkError when attempting to fetch resource."
console.warn: TopSitesFeed: Failed to fetch data from MARS server: NetworkError when attempting to fetch resource.
console.error: "Failed to fetch https://ads.mozilla.org/v1/delete_user:" "NetworkError when attempting to fetch resource."
console.warn: TopSitesFeed: Failed to fetch data from MARS server: NetworkError when attempting to fetch resource.
console.error: services.settings: 
Object
  - prototype Object
    - columnNumber = 0
    - data = null
    - filename = resource://gre/modules/ServiceRequest.sys.mjs
    - lineNumber = 126
    - location = {"name":"open","filename":"resource://gre/modules/ServiceRequest.sys.mjs","sourceId":25,"lineNumber":126,"columnNumber":11,"asyncCause":null,"asyncCaller":null,"caller":{"filename":"resource://services-settings/Utils.sys.mjs","name":"fetch/<","sourceId":24,"lineNumber":268,"columnNumber":15,"asyncCause":null,"asyncCaller":null,"caller":{"filename":"resource://services-settings/Utils.sys.mjs","name":"fetch","sourceId":24,"lineNumber":219,"columnNumber":12,"asyncCause":null,"asyncCaller":null,"caller":{"filename":"resource://services-common/kinto-http-client.sys.mjs","name":"timedFetch/<","sourceId":665,"lineNumber":569,"columnNumber":12,"asyncCause":null,"asyncCaller":null,"caller":{"filename":"resource://services-common/kinto-http-client.sys.mjs","name":"timedFetch","sourceId":665,"lineNumber":544,"columnNumber":12,"asyncCause":null,"asyncCaller":null,"caller":{"filename":"resource://services-common/kinto-http-client.sys.mjs","name":"request","sourceId":665,"lineNumber":634,"columnNumber":33,"asyncCause":null,"asyncCaller":null,"caller":{"filename":"resource://services-common/kinto-http-client.sys.mjs","name":"execute","sourceId":665,"lineNumber":2643,"columnNumber":36,"asyncCause":null,"asyncCaller":null,"caller":{"filename":"resource://services-settings/RemoteSettingsClient.sys.mjs","name":"_fetchChangeset","sourceId":22,"lineNumber":1227,"columnNumber":22,"asyncCause":null,"asyncCaller":null,"caller":{"filename":"resource://services-settings/RemoteSettingsClient.sys.mjs","name":"_importChanges","sourceId":22,"lineNumber":1089,"columnNumber":18,"asyncCause":null,"asyncCaller":null,"caller":{"filename":"resource://services-settings/RemoteSettingsClient.sys.mjs","name":"maybeSync","sourceId":22,"lineNumber":774,"columnNumber":35,"asyncCause":null,"asyncCaller":null,"caller":null,"formattedStack":"maybeSync@resource://services-settings/RemoteSettingsClient.sys.mjs:774:35\n","nativeSavedFrame":{}},"formattedStack":"_importChanges@resource://services-settings/RemoteSettingsClient.sys.mjs:1089:18\nmaybeSync@resource://services-settings/RemoteSettingsClient.sys.mjs:774:35\n","nativeSavedFrame":{}},"formattedStack":"_fetchChangeset@resource://services-settings/RemoteSettingsClient.sys.mjs:1227:22\n_importChanges@resource://services-settings/RemoteSettingsClient.sys.mjs:1089:18\nmaybeSync@resource://services-settings/RemoteSettingsClient.sys.mjs:774:35\n","nativeSavedFrame":{}},"formattedStack":"execute@resource://services-common/kinto-http-client.sys.mjs:2643:36\n_fetchChangeset@resource://services-settings/RemoteSettingsClient.sys.mjs:1227:22\n_importChanges@resource://services-settings/RemoteSettingsClient.sys.mjs:1089:18\nmaybeSync@resource://services-settings/RemoteSettingsClient.sys.mjs:774:35\n","nativeSavedFrame":{}},"formattedStack":"request@resource://services-common/kinto-http-client.sys.mjs:634:33\nexecute@resource://services-common/kinto-http-client.sys.mjs:2643:36\n_fetchChangeset@resource://services-settings/RemoteSettingsClient.sys.mjs:1227:22\n_importChanges@resource://services-settings/RemoteSettingsClient.sys.mjs:1089:18\nmaybeSync@resource://services-settings/RemoteSettingsClient.sys.mjs:774:35\n","nativeSavedFrame":{}},"formattedStack":"timedFetch@resource://services-common/kinto-http-client.sys.mjs:544:12\nrequest@resource://services-common/kinto-http-client.sys.mjs:634:33\nexecute@resource://services-common/kinto-http-client.sys.mjs:2643:36\n_fetchChangeset@resource://services-settings/RemoteSettingsClient.sys.mjs:1227:22\n_importChanges@resource://services-settings/RemoteSettingsClient.sys.mjs:1089:18\nmaybeSync@resource://services-settings/RemoteSettingsClient.sys.mjs:774:35\n","nativeSavedFrame":{}},"formattedStack":"timedFetch/<@resource://services-common/kinto-http-client.sys.mjs:569:12\ntimedFetch@resource://services-common/kinto-http-client.sys.mjs:544:12\nrequest@resource://services-common/kinto-http-client.sys.mjs:634:33\nexecute@resource://services-common/kinto-http-client.sys.mjs:2643:36\n_fetchChangeset@resource://services-settings/RemoteSettingsClient.sys.mjs:1227:22\n_importChanges@resource://services-settings/RemoteSettingsClient.sys.mjs:1089:18\nmaybeSync@resource://services-settings/RemoteSettingsClient.sys.mjs:774:35\n","nativeSavedFrame":{}},"formattedStack":"fetch@resource://services-settings/Utils.sys.mjs:219:12\ntimedFetch/<@resource://services-common/kinto-http-client.sys.mjs:569:12\ntimedFetch@resource://services-common/kinto-http-client.sys.mjs:544:12\nrequest@resource://services-common/kinto-http-client.sys.mjs:634:33\nexecute@resource://services-common/kinto-http-client.sys.mjs:2643:36\n_fetchChangeset@resource://services-settings/RemoteSettingsClient.sys.mjs:1227:22\n_importChanges@resource://services-settings/RemoteSettingsClient.sys.mjs:1089:18\nmaybeSync@resource://services-settings/RemoteSettingsClient.sys.mjs:774:35\n","nativeSavedFrame":{}},"formattedStack":"fetch/<@resource://services-settings/Utils.sys.mjs:268:15\nfetch@resource://services-settings/Utils.sys.mjs:219:12\ntimedFetch/<@resource://services-common/kinto-http-client.sys.mjs:569:12\ntimedFetch@resource://services-common/kinto-http-client.sys.mjs:544:12\nrequest@resource://services-common/kinto-http-client.sys.mjs:634:33\nexecute@resource://services-common/kinto-http-client.sys.mjs:2643:36\n_fetchChangeset@resource://services-settings/RemoteSettingsClient.sys.mjs:1227:22\n_importChanges@resource://services-settings/RemoteSettingsClient.sys.mjs:1089:18\nmaybeSync@resource://services-settings/RemoteSettingsClient.sys.mjs:774:35\n","nativeSavedFrame":{}},"formattedStack":"open@resource://gre/modules/ServiceRequest.sys.mjs:126:11\nfetch/<@resource://services-settings/Utils.sys.mjs:268:15\nfetch@resource://services-settings/Utils.sys.mjs:219:12\ntimedFetch/<@resource://services-common/kinto-http-client.sys.mjs:569:12\ntimedFetch@resource://services-common/kinto-http-client.sys.mjs:544:12\nrequest@resource://services-common/kinto-http-client.sys.mjs:634:33\nexecute@resource://services-common/kinto-http-client.sys.mjs:2643:36\n_fetchChangeset@resource://services-settings/RemoteSettingsClient.sys.mjs:1227:22\n_importChanges@resource://services-settings/RemoteSettingsClient.sys.mjs:1089:18\nmaybeSync@resource://services-settings/RemoteSettingsClient.sys.mjs:774:35\n","nativeSavedFrame":{}}
    - message = 
    - name = 
    - result = 2152071198
    - stack = open@resource://gre/modules/ServiceRequest.sys.mjs:126:11|fetch/<@resource://services-settings/Utils.sys.mjs:268:15|fetch@resource://services-settings/Utils.sys.mjs:219:12|timedFetch/<@resource://services-common/kinto-http-client.sys.mjs:569:12|timedFetch@resource://services-common/kinto-http-client.sys.mjs:544:12|request@resource://services-common/kinto-http-client.sys.mjs:634:33|execute@resource://services-common/kinto-http-client.sys.mjs:2643:36|_fetchChangeset@resource://services-settings/RemoteSettingsClient.sys.mjs:1227:22|_importChanges@resource://services-settings/RemoteSettingsClient.sys.mjs:1089:18|maybeSync@resource://services-settings/RemoteSettingsClient.sys.mjs:774:35|
  - prototype Object
console.warn: services.settings: main/nimbus-desktop-experiments sync interrupted by shutdown
console.warn: services.settings: main/fxmonitor-breaches sync interrupted by shutdown
console.warn: services.settings: main/nimbus-secure-experiments sync interrupted by shutdown
console.warn: services.settings: main/url-classifier-exceptions sync interrupted by shutdown
console.warn: services.settings: security-state/intermediates sync interrupted by shutdown
console.warn: services.settings: main/tracking-protection-lists sync interrupted by shutdown
console.warn: services.settings: main/search-telemetry-v2 sync interrupted by shutdown
console.warn: services.settings: main/translations-models sync interrupted by shutdown
console.warn: services.settings: main/cfr sync interrupted by shutdown
console.warn: services.settings: main/newtab-wallpapers-v2 sync interrupted by shutdown
console.warn: services.settings: main/devtools-compatibility-browsers sync interrupted by shutdown
console.warn: services.settings: main/nimbus-desktop-experiments sync interrupted by shutdown
console.warn: services.settings: main/fxmonitor-breaches sync interrupted by shutdown
console.warn: services.settings: main/nimbus-secure-experiments sync interrupted by shutdown
console.warn: services.settings: main/url-classifier-exceptions sync interrupted by shutdown
console.warn: services.settings: security-state/intermediates sync interrupted by shutdown
console.warn: services.settings: main/tracking-protection-lists sync interrupted by shutdown
console.warn: services.settings: main/search-telemetry-v2 sync interrupted by shutdown
console.warn: services.settings: main/translations-models sync interrupted by shutdown
console.warn: services.settings: main/cfr sync interrupted by shutdown
console.warn: services.settings: main/newtab-wallpapers-v2 sync interrupted by shutdown
console.warn: services.settings: main/devtools-compatibility-browsers sync interrupted by shutdown
console.warn: services.settings: main/message-groups sync interrupted by shutdown
console.warn: services.settings: security-state/onecrl sync interrupted by shutdown
console.warn: services.settings: main/search-config-v2 sync interrupted by shutdown
console.warn: services.settings: main/search-config-icons sync interrupted by shutdown
console.warn: services.settings: main/moz-essential-domain-fallbacks sync interrupted by shutdown
console.warn: services.settings: main/search-default-override-allowlist sync interrupted by shutdown
console.warn: services.settings: main/urlbar-persisted-search-terms sync interrupted by shutdown
console.warn: services.settings: main/fingerprinting-protection-overrides sync interrupted by shutdown
console.warn: services.settings: main/devtools-devices sync interrupted by shutdown
console.warn: services.settings: blocklists/gfx sync interrupted by shutdown
console.warn: services.settings: main/remote-permissions sync interrupted by shutdown
console.warn: services.settings: main/doh-providers sync interrupted by shutdown
console.warn: services.settings: main/websites-with-shared-credential-backends sync interrupted by shutdown
console.warn: services.settings: main/password-rules sync interrupted by shutdown
console.warn: services.settings: main/top-sites sync interrupted by shutdown
console.warn: services.settings: main/doh-config sync interrupted by shutdown
console.warn: services.settings: main/translations-wasm sync interrupted by shutdown
console.warn: services.settings: main/partitioning-exempt-urls sync interrupted by shutdown
console.warn: services.settings: main/url-parser-default-unknown-schemes-interventions sync interrupted by shutdown
console.warn: services.settings: main/url-classifier-skip-urls sync interrupted by shutdown
console.warn: services.settings: main/normandy-recipes-capabilities sync interrupted by shutdown
console.warn: services.settings: main/search-categorization sync interrupted by shutdown
console.warn: services.settings: main/third-party-cookie-blocking-exempt-urls sync interrupted by shutdown
console.warn: services.settings: main/cookie-banner-rules-list sync interrupted by shutdown
console.warn: services.settings: main/search-config-overrides-v2 sync interrupted by shutdown
console.warn: services.settings: main/query-stripping sync interrupted by shutdown
console.warn: services.settings: main/addons-manager-settings sync interrupted by shutdown
console.warn: services.settings: main/password-recipes sync interrupted by shutdown
console.warn: services.settings: main/language-dictionaries sync interrupted by shutdown
console.warn: services.settings: main/hijack-blocklists sync interrupted by shutdown
1780592718884	geckodriver	INFO	Listening on 127.0.0.1:39923
console.warn: services.settings: main/anti-tracking-url-decoration sync interrupted by shutdown
console.warn: services.settings: main/message-groups sync interrupted by shutdown
console.warn: services.settings: security-state/onecrl sync interrupted by shutdown
console.warn: services.settings: main/search-config-v2 sync interrupted by shutdown
console.warn: services.settings: main/sites-classification sync interrupted by shutdown
1780592719006	geckodriver	INFO	Listening on 127.0.0.1:58451
console.error: ({details:{id:"c521b443-368f-2e18-a853-066abaa1e9e3", last_modified:1780576584529, bucket:"blocklists", collection:"addons-bloomfilters", host:"firefox.settings.services.mozilla.com"}})
console.warn: services.settings: main/search-config-icons sync interrupted by shutdown
console.warn: services.settings: main/moz-essential-domain-fallbacks sync interrupted by shutdown
console.warn: services.settings: main/search-default-override-allowlist sync interrupted by shutdown
console.warn: services.settings: main/urlbar-persisted-search-terms sync interrupted by shutdown
console.warn: services.settings: main/fingerprinting-protection-overrides sync interrupted by shutdown
console.warn: services.settings: main/devtools-devices sync interrupted by shutdown
console.warn: services.settings: blocklists/gfx sync interrupted by shutdown
console.warn: services.settings: main/remote-permissions sync interrupted by shutdown
console.warn: services.settings: main/doh-providers sync interrupted by shutdown
console.warn: services.settings: main/websites-with-shared-credential-backends sync interrupted by shutdown
console.warn: services.settings: main/password-rules sync interrupted by shutdown
console.warn: services.settings: main/top-sites sync interrupted by shutdown
console.warn: services.settings: main/doh-config sync interrupted by shutdown
console.warn: services.settings: main/translations-wasm sync interrupted by shutdown
console.warn: services.settings: main/partitioning-exempt-urls sync interrupted by shutdown
1780592720041	mozrunner::runner	INFO	Running command: MOZ_CRASHREPORTER="1" MOZ_CRASHREPORTER_NO_REPORT="1" MOZ_CRASHREPORTER_SHUTDOWN="1" "/usr/bin/firefox" "--m ... 80" "--remote-debugging-port" "44739" "--remote-allow-hosts" "localhost" "-no-remote" "-profile" "/tmp/rust_mozprofileRbCL5S"
1780592720041	mozrunner::runner	INFO	Running command: MOZ_CRASHREPORTER="1" MOZ_CRASHREPORTER_NO_REPORT="1" MOZ_CRASHREPORTER_SHUTDOWN="1" "/usr/bin/firefox" "--m ... 80" "--remote-debugging-port" "57913" "--remote-allow-hosts" "localhost" "-no-remote" "-profile" "/tmp/rust_mozprofileFWzCyB"
*** You are running in headless mode.
*** You are running in headless mode.
console.warn: services.settings: main/nimbus-desktop-experiments sync interrupted by shutdown
console.warn: services.settings: main/fxmonitor-breaches sync interrupted by shutdown
console.warn: services.settings: main/nimbus-secure-experiments sync interrupted by shutdown
console.warn: services.settings: main/url-classifier-exceptions sync interrupted by shutdown
console.warn: services.settings: security-state/intermediates sync interrupted by shutdown
console.warn: services.settings: main/url-parser-default-unknown-schemes-interventions sync interrupted by shutdown
console.warn: services.settings: main/tracking-protection-lists sync interrupted by shutdown
console.warn: services.settings: main/url-classifier-skip-urls sync interrupted by shutdown
console.warn: services.settings: main/normandy-recipes-capabilities sync interrupted by shutdown
console.warn: services.settings: main/search-telemetry-v2 sync interrupted by shutdown
console.warn: services.settings: main/translations-models sync interrupted by shutdown
console.warn: services.settings: main/search-categorization sync interrupted by shutdown
console.warn: services.settings: main/third-party-cookie-blocking-exempt-urls sync interrupted by shutdown
console.warn: services.settings: main/cfr sync interrupted by shutdown
console.warn: services.settings: main/cookie-banner-rules-list sync interrupted by shutdown
console.warn: services.settings: main/search-config-overrides-v2 sync interrupted by shutdown
console.warn: services.settings: main/query-stripping sync interrupted by shutdown
console.warn: services.settings: main/addons-manager-settings sync interrupted by shutdown
console.warn: services.settings: main/password-recipes sync interrupted by shutdown
console.warn: services.settings: main/language-dictionaries sync interrupted by shutdown
console.warn: services.settings: main/hijack-blocklists sync interrupted by shutdown
console.warn: services.settings: main/newtab-wallpapers-v2 sync interrupted by shutdown
console.warn: services.settings: main/anti-tracking-url-decoration sync interrupted by shutdown
console.warn: services.settings: main/devtools-compatibility-browsers sync interrupted by shutdown
console.warn: services.settings: main/sites-classification sync interrupted by shutdown
console.error: RemoteSecuritySettings: 
  failed to download CRLite filter
console.warn: services.settings: main/message-groups sync interrupted by shutdown
Object
  - prototype Object
    - columnNumber = 0
    - data = null
    - filename = resource://gre/modules/ServiceRequest.sys.mjs
    - lineNumber = 126
    - location = {"name":"open","filename":"resource://gre/modules/ServiceRequest.sys.mjs","sourceId":25,"lineNumber":126,"columnNumber":11,"asyncCause":null,"asyncCaller":null,"caller":{"filename":"resource://services-settings/Utils.sys.mjs","name":"fetch/<","sourceId":24,"lineNumber":268,"columnNumber":15,"asyncCause":null,"asyncCaller":null,"caller":{"filename":"resource://services-settings/Utils.sys.mjs","name":"fetch","sourceId":24,"lineNumber":219,"columnNumber":12,"asyncCause":null,"asyncCaller":null,"caller":{"filename":"resource://services-settings/Attachments.sys.mjs","name":"_fetchAttachment","sourceId":23,"lineNumber":554,"columnNumber":35,"asyncCause":null,"asyncCaller":null,"caller":{"filename":"resource://services-settings/Attachments.sys.mjs","name":"downloadAsBytes","sourceId":23,"lineNumber":531,"columnNumber":35,"asyncCause":null,"asyncCaller":null,"caller":{"filename":"resource://gre/modules/AsyncShutdown.sys.mjs","name":"observe","sourceId":15,"lineNumber":569,"columnNumber":17,"asyncCause":null,"asyncCaller":null,"caller":null,"formattedStack":"observe@resource://gre/modules/AsyncShutdown.sys.mjs:569:17\n","nativeSavedFrame":{}},"formattedStack":"downloadAsBytes@resource://services-settings/Attachments.sys.mjs:531:35\nobserve@resource://gre/modules/AsyncShutdown.sys.mjs:569:17\n","nativeSavedFrame":{}},"formattedStack":"_fetchAttachment@resource://services-settings/Attachments.sys.mjs:554:35\ndownloadAsBytes@resource://services-settings/Attachments.sys.mjs:531:35\nobserve@resource://gre/modules/AsyncShutdown.sys.mjs:569:17\n","nativeSavedFrame":{}},"formattedStack":"fetch@resource://services-settings/Utils.sys.mjs:219:12\n_fetchAttachment@resource://services-settings/Attachments.sys.mjs:554:35\ndownloadAsBytes@resource://services-settings/Attachments.sys.mjs:531:35\nobserve@resource://gre/modules/AsyncShutdown.sys.mjs:569:17\n","nativeSavedFrame":{}},"formattedStack":"fetch/<@resource://services-settings/Utils.sys.mjs:268:15\nfetch@resource://services-settings/Utils.sys.mjs:219:12\n_fetchAttachment@resource://services-settings/Attachments.sys.mjs:554:35\ndownloadAsBytes@resource://services-settings/Attachments.sys.mjs:531:35\nobserve@resource://gre/modules/AsyncShutdown.sys.mjs:569:17\n","nativeSavedFrame":{}},"formattedStack":"open@resource://gre/modules/ServiceRequest.sys.mjs:126:11\nfetch/<@resource://services-settings/Utils.sys.mjs:268:15\nfetch@resource://services-settings/Utils.sys.mjs:219:12\n_fetchAttachment@resource://services-settings/Attachments.sys.mjs:554:35\ndownloadAsBytes@resource://services-settings/Attachments.sys.mjs:531:35\nobserve@resource://gre/modules/AsyncShutdown.sys.mjs:569:17\n","nativeSavedFrame":{}}
    - message = 
    - name = 
    - result = 2152071198
    - stack = open@resource://gre/modules/ServiceRequest.sys.mjs:126:11|fetch/<@resource://services-settings/Utils.sys.mjs:268:15|fetch@resource://services-settings/Utils.sys.mjs:219:12|_fetchAttachment@resource://services-settings/Attachments.sys.mjs:554:35|downloadAsBytes@resource://services-settings/Attachments.sys.mjs:531:35|observe@resource://gre/modules/AsyncShutdown.sys.mjs:569:17|
  - prototype Object
console.warn: services.settings: security-state/onecrl sync interrupted by shutdown
console.error: RemoteSecuritySettings: 
  failed to download CRLite filter
console.warn: services.settings: main/search-config-v2 sync interrupted by shutdown
Object
  - prototype Object
    - columnNumber = 0
    - data = null
    - filename = resource://gre/modules/ServiceRequest.sys.mjs
    - lineNumber = 126
    - location = {"name":"open","filename":"resource://gre/modules/ServiceRequest.sys.mjs","sourceId":25,"lineNumber":126,"columnNumber":11,"asyncCause":null,"asyncCaller":null,"caller":{"filename":"resource://services-settings/Utils.sys.mjs","name":"fetch/<","sourceId":24,"lineNumber":268,"columnNumber":15,"asyncCause":null,"asyncCaller":null,"caller":{"filename":"resource://services-settings/Utils.sys.mjs","name":"fetch","sourceId":24,"lineNumber":219,"columnNumber":12,"asyncCause":null,"asyncCaller":null,"caller":{"filename":"resource://services-settings/Attachments.sys.mjs","name":"_fetchAttachment","sourceId":23,"lineNumber":554,"columnNumber":35,"asyncCause":null,"asyncCaller":null,"caller":{"filename":"resource://services-settings/Attachments.sys.mjs","name":"downloadAsBytes","sourceId":23,"lineNumber":531,"columnNumber":35,"asyncCause":null,"asyncCaller":null,"caller":{"filename":"resource://gre/modules/AsyncShutdown.sys.mjs","name":"observe","sourceId":15,"lineNumber":569,"columnNumber":17,"asyncCause":null,"asyncCaller":null,"caller":null,"formattedStack":"observe@resource://gre/modules/AsyncShutdown.sys.mjs:569:17\n","nativeSavedFrame":{}},"formattedStack":"downloadAsBytes@resource://services-settings/Attachments.sys.mjs:531:35\nobserve@resource://gre/modules/AsyncShutdown.sys.mjs:569:17\n","nativeSavedFrame":{}},"formattedStack":"_fetchAttachment@resource://services-settings/Attachments.sys.mjs:554:35\ndownloadAsBytes@resource://services-settings/Attachments.sys.mjs:531:35\nobserve@resource://gre/modules/AsyncShutdown.sys.mjs:569:17\n","nativeSavedFrame":{}},"formattedStack":"fetch@resource://services-settings/Utils.sys.mjs:219:12\n_fetchAttachment@resource://services-settings/Attachments.sys.mjs:554:35\ndownloadAsBytes@resource://services-settings/Attachments.sys.mjs:531:35\nobserve@resource://gre/modules/AsyncShutdown.sys.mjs:569:17\n","nativeSavedFrame":{}},"formattedStack":"fetch/<@resource://services-settings/Utils.sys.mjs:268:15\nfetch@resource://services-settings/Utils.sys.mjs:219:12\n_fetchAttachment@resource://services-settings/Attachments.sys.mjs:554:35\ndownloadAsBytes@resource://services-settings/Attachments.sys.mjs:531:35\nobserve@resource://gre/modules/AsyncShutdown.sys.mjs:569:17\n","nativeSavedFrame":{}},"formattedStack":"open@resource://gre/modules/ServiceRequest.sys.mjs:126:11\nfetch/<@resource://services-settings/Utils.sys.mjs:268:15\nfetch@resource://services-settings/Utils.sys.mjs:219:12\n_fetchAttachment@resource://services-settings/Attachments.sys.mjs:554:35\ndownloadAsBytes@resource://services-settings/Attachments.sys.mjs:531:35\nobserve@resource://gre/modules/AsyncShutdown.sys.mjs:569:17\n","nativeSavedFrame":{}}
    - message = 
    - name = 
    - result = 2152071198
    - stack = open@resource://gre/modules/ServiceRequest.sys.mjs:126:11|fetch/<@resource://services-settings/Utils.sys.mjs:268:15|fetch@resource://services-settings/Utils.sys.mjs:219:12|_fetchAttachment@resource://services-settings/Attachments.sys.mjs:554:35|downloadAsBytes@resource://services-settings/Attachments.sys.mjs:531:35|observe@resource://gre/modules/AsyncShutdown.sys.mjs:569:17|
  - prototype Object
console.error: RemoteSecuritySettings: 
  failed to download CRLite filter
Object
  - prototype Object
    - columnNumber = 0
    - data = null
    - filename = resource://gre/modules/ServiceRequest.sys.mjs
    - lineNumber = 126
    - location = {"name":"open","filename":"resource://gre/modules/ServiceRequest.sys.mjs","sourceId":25,"lineNumber":126,"columnNumber":11,"asyncCause":null,"asyncCaller":null,"caller":{"filename":"resource://services-settings/Utils.sys.mjs","name":"fetch/<","sourceId":24,"lineNumber":268,"columnNumber":15,"asyncCause":null,"asyncCaller":null,"caller":{"filename":"resource://services-settings/Utils.sys.mjs","name":"fetch","sourceId":24,"lineNumber":219,"columnNumber":12,"asyncCause":null,"asyncCaller":null,"caller":{"filename":"resource://services-settings/Attachments.sys.mjs","name":"_fetchAttachment","sourceId":23,"lineNumber":554,"columnNumber":35,"asyncCause":null,"asyncCaller":null,"caller":{"filename":"resource://services-settings/Attachments.sys.mjs","name":"downloadAsBytes","sourceId":23,"lineNumber":531,"columnNumber":35,"asyncCause":null,"asyncCaller":null,"caller":{"filename":"resource://gre/modules/AsyncShutdown.sys.mjs","name":"observe","sourceId":15,"lineNumber":569,"columnNumber":17,"asyncCause":null,"asyncCaller":null,"caller":null,"formattedStack":"observe@resource://gre/modules/AsyncShutdown.sys.mjs:569:17\n","nativeSavedFrame":{}},"formattedStack":"downloadAsBytes@resource://services-settings/Attachments.sys.mjs:531:35\nobserve@resource://gre/modules/AsyncShutdown.sys.mjs:569:17\n","nativeSavedFrame":{}},"formattedStack":"_fetchAttachment@resource://services-settings/Attachments.sys.mjs:554:35\ndownloadAsBytes@resource://services-settings/Attachments.sys.mjs:531:35\nobserve@resource://gre/modules/AsyncShutdown.sys.mjs:569:17\n","nativeSavedFrame":{}},"formattedStack":"fetch@resource://services-settings/Utils.sys.mjs:219:12\n_fetchAttachment@resource://services-settings/Attachments.sys.mjs:554:35\ndownloadAsBytes@resource://services-settings/Attachments.sys.mjs:531:35\nobserve@resource://gre/modules/AsyncShutdown.sys.mjs:569:17\n","nativeSavedFrame":{}},"formattedStack":"fetch/<@resource://services-settings/Utils.sys.mjs:268:15\nfetch@resource://services-settings/Utils.sys.mjs:219:12\n_fetchAttachment@resource://services-settings/Attachments.sys.mjs:554:35\ndownloadAsBytes@resource://services-settings/Attachments.sys.mjs:531:35\nobserve@resource://gre/modules/AsyncShutdown.sys.mjs:569:17\n","nativeSavedFrame":{}},"formattedStack":"open@resource://gre/modules/ServiceRequest.sys.mjs:126:11\nfetch/<@resource://services-settings/Utils.sys.mjs:268:15\nfetch@resource://services-settings/Utils.sys.mjs:219:12\n_fetchAttachment@resource://services-settings/Attachments.sys.mjs:554:35\ndownloadAsBytes@resource://services-settings/Attachments.sys.mjs:531:35\nobserve@resource://gre/modules/AsyncShutdown.sys.mjs:569:17\n","nativeSavedFrame":{}}
    - message = 
    - name = 
    - result = 2152071198
    - stack = open@resource://gre/modules/ServiceRequest.sys.mjs:126:11|fetch/<@resource://services-settings/Utils.sys.mjs:268:15|fetch@resource://services-settings/Utils.sys.mjs:219:12|_fetchAttachment@resource://services-settings/Attachments.sys.mjs:554:35|downloadAsBytes@resource://services-settings/Attachments.sys.mjs:531:35|observe@resource://gre/modules/AsyncShutdown.sys.mjs:569:17|
  - prototype Object
console.error: RemoteSecuritySettings: 
  failed to download CRLite filter
Object
  - prototype Object
    - columnNumber = 0
    - data = null
    - filename = resource://gre/modules/ServiceRequest.sys.mjs
    - lineNumber = 126
    - location = {"name":"open","filename":"resource://gre/modules/ServiceRequest.sys.mjs","sourceId":25,"lineNumber":126,"columnNumber":11,"asyncCause":null,"asyncCaller":null,"caller":{"filename":"resource://services-settings/Utils.sys.mjs","name":"fetch/<","sourceId":24,"lineNumber":268,"columnNumber":15,"asyncCause":null,"asyncCaller":null,"caller":{"filename":"resource://services-settings/Utils.sys.mjs","name":"fetch","sourceId":24,"lineNumber":219,"columnNumber":12,"asyncCause":null,"asyncCaller":null,"caller":{"filename":"resource://services-settings/Attachments.sys.mjs","name":"_fetchAttachment","sourceId":23,"lineNumber":554,"columnNumber":35,"asyncCause":null,"asyncCaller":null,"caller":{"filename":"resource://services-settings/Attachments.sys.mjs","name":"downloadAsBytes","sourceId":23,"lineNumber":531,"columnNumber":35,"asyncCause":null,"asyncCaller":null,"caller":{"filename":"resource://gre/modules/AsyncShutdown.sys.mjs","name":"observe","sourceId":15,"lineNumber":569,"columnNumber":17,"asyncCause":null,"asyncCaller":null,"caller":null,"formattedStack":"observe@resource://gre/modules/AsyncShutdown.sys.mjs:569:17\n","nativeSavedFrame":{}},"formattedStack":"downloadAsBytes@resource://services-settings/Attachments.sys.mjs:531:35\nobserve@resource://gre/modules/AsyncShutdown.sys.mjs:569:17\n","nativeSavedFrame":{}},"formattedStack":"_fetchAttachment@resource://services-settings/Attachments.sys.mjs:554:35\ndownloadAsBytes@resource://services-settings/Attachments.sys.mjs:531:35\nobserve@resource://gre/modules/AsyncShutdown.sys.mjs:569:17\n","nativeSavedFrame":{}},"formattedStack":"fetch@resource://services-settings/Utils.sys.mjs:219:12\n_fetchAttachment@resource://services-settings/Attachments.sys.mjs:554:35\ndownloadAsBytes@resource://services-settings/Attachments.sys.mjs:531:35\nobserve@resource://gre/modules/AsyncShutdown.sys.mjs:569:17\n","nativeSavedFrame":{}},"formattedStack":"fetch/<@resource://services-settings/Utils.sys.mjs:268:15\nfetch@resource://services-settings/Utils.sys.mjs:219:12\n_fetchAttachment@resource://services-settings/Attachments.sys.mjs:554:35\ndownloadAsBytes@resource://services-settings/Attachments.sys.mjs:531:35\nobserve@resource://gre/modules/AsyncShutdown.sys.mjs:569:17\n","nativeSavedFrame":{}},"formattedStack":"open@resource://gre/modules/ServiceRequest.sys.mjs:126:11\nfetch/<@resource://services-settings/Utils.sys.mjs:268:15\nfetch@resource://services-settings/Utils.sys.mjs:219:12\n_fetchAttachment@resource://services-settings/Attachments.sys.mjs:554:35\ndownloadAsBytes@resource://services-settings/Attachments.sys.mjs:531:35\nobserve@resource://gre/modules/AsyncShutdown.sys.mjs:569:17\n","nativeSavedFrame":{}}
    - message = 
    - name = 
    - result = 2152071198
    - stack = open@resource://gre/modules/ServiceRequest.sys.mjs:126:11|fetch/<@resource://services-settings/Utils.sys.mjs:268:15|fetch@resource://services-settings/Utils.sys.mjs:219:12|_fetchAttachment@resource://services-settings/Attachments.sys.mjs:554:35|downloadAsBytes@resource://services-settings/Attachments.sys.mjs:531:35|observe@resource://gre/modules/AsyncShutdown.sys.mjs:569:17|
  - prototype Object
console.warn: services.settings: Ignoring preference override of remote settings server
console.warn: services.settings: Allow by setting MOZ_REMOTE_SETTINGS_DEVTOOLS=1 in the environment
console.warn: services.settings: main/search-config-icons sync interrupted by shutdown
[GFX1-]: Failed to connect WebRenderBridgeChild. isParent=false
console.warn: services.settings: main/moz-essential-domain-fallbacks sync interrupted by shutdown
console.warn: services.settings: main/search-default-override-allowlist sync interrupted by shutdown
console.warn: services.settings: main/urlbar-persisted-search-terms sync interrupted by shutdown
console.warn: services.settings: main/fingerprinting-protection-overrides sync interrupted by shutdown
console.warn: services.settings: main/devtools-devices sync interrupted by shutdown
console.warn: services.settings: blocklists/gfx sync interrupted by shutdown
console.warn: services.settings: main/remote-permissions sync interrupted by shutdown
console.warn: services.settings: main/doh-providers sync interrupted by shutdown
console.warn: services.settings: main/websites-with-shared-credential-backends sync interrupted by shutdown
console.warn: services.settings: main/password-rules sync interrupted by shutdown
console.warn: services.settings: main/top-sites sync interrupted by shutdown
console.warn: services.settings: main/doh-config sync interrupted by shutdown
console.warn: services.settings: main/translations-wasm sync interrupted by shutdown
console.warn: services.settings: main/partitioning-exempt-urls sync interrupted by shutdown
console.warn: services.settings: main/url-parser-default-unknown-schemes-interventions sync interrupted by shutdown
console.warn: services.settings: main/url-classifier-skip-urls sync interrupted by shutdown
console.warn: services.settings: main/normandy-recipes-capabilities sync interrupted by shutdown
console.warn: services.settings: main/search-categorization sync interrupted by shutdown
console.warn: services.settings: main/third-party-cookie-blocking-exempt-urls sync interrupted by shutdown
console.warn: services.settings: main/cookie-banner-rules-list sync interrupted by shutdown
console.warn: services.settings: main/search-config-overrides-v2 sync interrupted by shutdown
console.warn: services.settings: main/query-stripping sync interrupted by shutdown
console.warn: services.settings: main/addons-manager-settings sync interrupted by shutdown
console.warn: services.settings: main/password-recipes sync interrupted by shutdown
console.warn: services.settings: main/language-dictionaries sync interrupted by shutdown
console.warn: services.settings: main/hijack-blocklists sync interrupted by shutdown
console.warn: services.settings: main/anti-tracking-url-decoration sync interrupted by shutdown
console.warn: services.settings: main/sites-classification sync interrupted by shutdown
console.error: RemoteSecuritySettings: 
  failed to download CRLite filter
Object
  - prototype Object
    - columnNumber = 0
    - data = null
    - filename = resource://gre/modules/ServiceRequest.sys.mjs
    - lineNumber = 126
    - location = {"name":"open","filename":"resource://gre/modules/ServiceRequest.sys.mjs","sourceId":25,"lineNumber":126,"columnNumber":11,"asyncCause":null,"asyncCaller":null,"caller":{"filename":"resource://services-settings/Utils.sys.mjs","name":"fetch/<","sourceId":24,"lineNumber":268,"columnNumber":15,"asyncCause":null,"asyncCaller":null,"caller":{"filename":"resource://services-settings/Utils.sys.mjs","name":"fetch","sourceId":24,"lineNumber":219,"columnNumber":12,"asyncCause":null,"asyncCaller":null,"caller":{"filename":"resource://services-settings/Attachments.sys.mjs","name":"_fetchAttachment","sourceId":23,"lineNumber":554,"columnNumber":35,"asyncCause":null,"asyncCaller":null,"caller":{"filename":"resource://services-settings/Attachments.sys.mjs","name":"downloadAsBytes","sourceId":23,"lineNumber":531,"columnNumber":35,"asyncCause":null,"asyncCaller":null,"caller":{"filename":"resource://gre/modules/AsyncShutdown.sys.mjs","name":"observe","sourceId":15,"lineNumber":569,"columnNumber":17,"asyncCause":null,"asyncCaller":null,"caller":null,"formattedStack":"observe@resource://gre/modules/AsyncShutdown.sys.mjs:569:17\n","nativeSavedFrame":{}},"formattedStack":"downloadAsBytes@resource://services-settings/Attachments.sys.mjs:531:35\nobserve@resource://gre/modules/AsyncShutdown.sys.mjs:569:17\n","nativeSavedFrame":{}},"formattedStack":"_fetchAttachment@resource://services-settings/Attachments.sys.mjs:554:35\ndownloadAsBytes@resource://services-settings/Attachments.sys.mjs:531:35\nobserve@resource://gre/modules/AsyncShutdown.sys.mjs:569:17\n","nativeSavedFrame":{}},"formattedStack":"fetch@resource://services-settings/Utils.sys.mjs:219:12\n_fetchAttachment@resource://services-settings/Attachments.sys.mjs:554:35\ndownloadAsBytes@resource://services-settings/Attachments.sys.mjs:531:35\nobserve@resource://gre/modules/AsyncShutdown.sys.mjs:569:17\n","nativeSavedFrame":{}},"formattedStack":"fetch/<@resource://services-settings/Utils.sys.mjs:268:15\nfetch@resource://services-settings/Utils.sys.mjs:219:12\n_fetchAttachment@resource://services-settings/Attachments.sys.mjs:554:35\ndownloadAsBytes@resource://services-settings/Attachments.sys.mjs:531:35\nobserve@resource://gre/modules/AsyncShutdown.sys.mjs:569:17\n","nativeSavedFrame":{}},"formattedStack":"open@resource://gre/modules/ServiceRequest.sys.mjs:126:11\nfetch/<@resource://services-settings/Utils.sys.mjs:268:15\nfetch@resource://services-settings/Utils.sys.mjs:219:12\n_fetchAttachment@resource://services-settings/Attachments.sys.mjs:554:35\ndownloadAsBytes@resource://services-settings/Attachments.sys.mjs:531:35\nobserve@resource://gre/modules/AsyncShutdown.sys.mjs:569:17\n","nativeSavedFrame":{}}
    - message = 
    - name = 
    - result = 2152071198
    - stack = open@resource://gre/modules/ServiceRequest.sys.mjs:126:11|fetch/<@resource://services-settings/Utils.sys.mjs:268:15|fetch@resource://services-settings/Utils.sys.mjs:219:12|_fetchAttachment@resource://services-settings/Attachments.sys.mjs:554:35|downloadAsBytes@resource://services-settings/Attachments.sys.mjs:531:35|observe@resource://gre/modules/AsyncShutdown.sys.mjs:569:17|
  - prototype Object
console.error: RemoteSecuritySettings: 
  failed to download CRLite filter
Object
  - prototype Object
    - columnNumber = 0
    - data = null
    - filename = resource://gre/modules/ServiceRequest.sys.mjs
    - lineNumber = 126
    - location = {"name":"open","filename":"resource://gre/modules/ServiceRequest.sys.mjs","sourceId":25,"lineNumber":126,"columnNumber":11,"asyncCause":null,"asyncCaller":null,"caller":{"filename":"resource://services-settings/Utils.sys.mjs","name":"fetch/<","sourceId":24,"lineNumber":268,"columnNumber":15,"asyncCause":null,"asyncCaller":null,"caller":{"filename":"resource://services-settings/Utils.sys.mjs","name":"fetch","sourceId":24,"lineNumber":219,"columnNumber":12,"asyncCause":null,"asyncCaller":null,"caller":{"filename":"resource://services-settings/Attachments.sys.mjs","name":"_fetchAttachment","sourceId":23,"lineNumber":554,"columnNumber":35,"asyncCause":null,"asyncCaller":null,"caller":{"filename":"resource://services-settings/Attachments.sys.mjs","name":"downloadAsBytes","sourceId":23,"lineNumber":531,"columnNumber":35,"asyncCause":null,"asyncCaller":null,"caller":{"filename":"resource://gre/modules/AsyncShutdown.sys.mjs","name":"observe","sourceId":15,"lineNumber":569,"columnNumber":17,"asyncCause":null,"asyncCaller":null,"caller":null,"formattedStack":"observe@resource://gre/modules/AsyncShutdown.sys.mjs:569:17\n","nativeSavedFrame":{}},"formattedStack":"downloadAsBytes@resource://services-settings/Attachments.sys.mjs:531:35\nobserve@resource://gre/modules/AsyncShutdown.sys.mjs:569:17\n","nativeSavedFrame":{}},"formattedStack":"_fetchAttachment@resource://services-settings/Attachments.sys.mjs:554:35\ndownloadAsBytes@resource://services-settings/Attachments.sys.mjs:531:35\nobserve@resource://gre/modules/AsyncShutdown.sys.mjs:569:17\n","nativeSavedFrame":{}},"formattedStack":"fetch@resource://services-settings/Utils.sys.mjs:219:12\n_fetchAttachment@resource://services-settings/Attachments.sys.mjs:554:35\ndownloadAsBytes@resource://services-settings/Attachments.sys.mjs:531:35\nobserve@resource://gre/modules/AsyncShutdown.sys.mjs:569:17\n","nativeSavedFrame":{}},"formattedStack":"fetch/<@resource://services-settings/Utils.sys.mjs:268:15\nfetch@resource://services-settings/Utils.sys.mjs:219:12\n_fetchAttachment@resource://services-settings/Attachments.sys.mjs:554:35\ndownloadAsBytes@resource://services-settings/Attachments.sys.mjs:531:35\nobserve@resource://gre/modules/AsyncShutdown.sys.mjs:569:17\n","nativeSavedFrame":{}},"formattedStack":"open@resource://gre/modules/ServiceRequest.sys.mjs:126:11\nfetch/<@resource://services-settings/Utils.sys.mjs:268:15\nfetch@resource://services-settings/Utils.sys.mjs:219:12\n_fetchAttachment@resource://services-settings/Attachments.sys.mjs:554:35\ndownloadAsBytes@resource://services-settings/Attachments.sys.mjs:531:35\nobserve@resource://gre/modules/AsyncShutdown.sys.mjs:569:17\n","nativeSavedFrame":{}}
    - message = 
    - name = 
    - result = 2152071198
    - stack = open@resource://gre/modules/ServiceRequest.sys.mjs:126:11|fetch/<@resource://services-settings/Utils.sys.mjs:268:15|fetch@resource://services-settings/Utils.sys.mjs:219:12|_fetchAttachment@resource://services-settings/Attachments.sys.mjs:554:35|downloadAsBytes@resource://services-settings/Attachments.sys.mjs:531:35|observe@resource://gre/modules/AsyncShutdown.sys.mjs:569:17|
  - prototype Object
console.error: RemoteSecuritySettings: 
  failed to download CRLite filter
Object
  - prototype Object
    - columnNumber = 0
    - data = null
    - filename = resource://gre/modules/ServiceRequest.sys.mjs
    - lineNumber = 126
    - location = {"name":"open","filename":"resource://gre/modules/ServiceRequest.sys.mjs","sourceId":25,"lineNumber":126,"columnNumber":11,"asyncCause":null,"asyncCaller":null,"caller":{"filename":"resource://services-settings/Utils.sys.mjs","name":"fetch/<","sourceId":24,"lineNumber":268,"columnNumber":15,"asyncCause":null,"asyncCaller":null,"caller":{"filename":"resource://services-settings/Utils.sys.mjs","name":"fetch","sourceId":24,"lineNumber":219,"columnNumber":12,"asyncCause":null,"asyncCaller":null,"caller":{"filename":"resource://services-settings/Attachments.sys.mjs","name":"_fetchAttachment","sourceId":23,"lineNumber":554,"columnNumber":35,"asyncCause":null,"asyncCaller":null,"caller":{"filename":"resource://services-settings/Attachments.sys.mjs","name":"downloadAsBytes","sourceId":23,"lineNumber":531,"columnNumber":35,"asyncCause":null,"asyncCaller":null,"caller":{"filename":"resource://gre/modules/AsyncShutdown.sys.mjs","name":"observe","sourceId":15,"lineNumber":569,"columnNumber":17,"asyncCause":null,"asyncCaller":null,"caller":null,"formattedStack":"observe@resource://gre/modules/AsyncShutdown.sys.mjs:569:17\n","nativeSavedFrame":{}},"formattedStack":"downloadAsBytes@resource://services-settings/Attachments.sys.mjs:531:35\nobserve@resource://gre/modules/AsyncShutdown.sys.mjs:569:17\n","nativeSavedFrame":{}},"formattedStack":"_fetchAttachment@resource://services-settings/Attachments.sys.mjs:554:35\ndownloadAsBytes@resource://services-settings/Attachments.sys.mjs:531:35\nobserve@resource://gre/modules/AsyncShutdown.sys.mjs:569:17\n","nativeSavedFrame":{}},"formattedStack":"fetch@resource://services-settings/Utils.sys.mjs:219:12\n_fetchAttachment@resource://services-settings/Attachments.sys.mjs:554:35\ndownloadAsBytes@resource://services-settings/Attachments.sys.mjs:531:35\nobserve@resource://gre/modules/AsyncShutdown.sys.mjs:569:17\n","nativeSavedFrame":{}},"formattedStack":"fetch/<@resource://services-settings/Utils.sys.mjs:268:15\nfetch@resource://services-settings/Utils.sys.mjs:219:12\n_fetchAttachment@resource://services-settings/Attachments.sys.mjs:554:35\ndownloadAsBytes@resource://services-settings/Attachments.sys.mjs:531:35\nobserve@resource://gre/modules/AsyncShutdown.sys.mjs:569:17\n","nativeSavedFrame":{}},"formattedStack":"open@resource://gre/modules/ServiceRequest.sys.mjs:126:11\nfetch/<@resource://services-settings/Utils.sys.mjs:268:15\nfetch@resource://services-settings/Utils.sys.mjs:219:12\n_fetchAttachment@resource://services-settings/Attachments.sys.mjs:554:35\ndownloadAsBytes@resource://services-settings/Attachments.sys.mjs:531:35\nobserve@resource://gre/modules/AsyncShutdown.sys.mjs:569:17\n","nativeSavedFrame":{}}
    - message = 
    - name = 
    - result = 2152071198
    - stack = open@resource://gre/modules/ServiceRequest.sys.mjs:126:11|fetch/<@resource://services-settings/Utils.sys.mjs:268:15|fetch@resource://services-settings/Utils.sys.mjs:219:12|_fetchAttachment@resource://services-settings/Attachments.sys.mjs:554:35|downloadAsBytes@resource://services-settings/Attachments.sys.mjs:531:35|observe@resource://gre/modules/AsyncShutdown.sys.mjs:569:17|
  - prototype Object
console.error: RemoteSecuritySettings: 
  failed to download CRLite filter
Object
  - prototype Object
    - columnNumber = 0
    - data = null
    - filename = resource://gre/modules/ServiceRequest.sys.mjs
    - lineNumber = 126
    - location = {"name":"open","filename":"resource://gre/modules/ServiceRequest.sys.mjs","sourceId":25,"lineNumber":126,"columnNumber":11,"asyncCause":null,"asyncCaller":null,"caller":{"filename":"resource://services-settings/Utils.sys.mjs","name":"fetch/<","sourceId":24,"lineNumber":268,"columnNumber":15,"asyncCause":null,"asyncCaller":null,"caller":{"filename":"resource://services-settings/Utils.sys.mjs","name":"fetch","sourceId":24,"lineNumber":219,"columnNumber":12,"asyncCause":null,"asyncCaller":null,"caller":{"filename":"resource://services-settings/Attachments.sys.mjs","name":"_fetchAttachment","sourceId":23,"lineNumber":554,"columnNumber":35,"asyncCause":null,"asyncCaller":null,"caller":{"filename":"resource://services-settings/Attachments.sys.mjs","name":"downloadAsBytes","sourceId":23,"lineNumber":531,"columnNumber":35,"asyncCause":null,"asyncCaller":null,"caller":{"filename":"resource://gre/modules/AsyncShutdown.sys.mjs","name":"observe","sourceId":15,"lineNumber":569,"columnNumber":17,"asyncCause":null,"asyncCaller":null,"caller":null,"formattedStack":"observe@resource://gre/modules/AsyncShutdown.sys.mjs:569:17\n","nativeSavedFrame":{}},"formattedStack":"downloadAsBytes@resource://services-settings/Attachments.sys.mjs:531:35\nobserve@resource://gre/modules/AsyncShutdown.sys.mjs:569:17\n","nativeSavedFrame":{}},"formattedStack":"_fetchAttachment@resource://services-settings/Attachments.sys.mjs:554:35\ndownloadAsBytes@resource://services-settings/Attachments.sys.mjs:531:35\nobserve@resource://gre/modules/AsyncShutdown.sys.mjs:569:17\n","nativeSavedFrame":{}},"formattedStack":"fetch@resource://services-settings/Utils.sys.mjs:219:12\n_fetchAttachment@resource://services-settings/Attachments.sys.mjs:554:35\ndownloadAsBytes@resource://services-settings/Attachments.sys.mjs:531:35\nobserve@resource://gre/modules/AsyncShutdown.sys.mjs:569:17\n","nativeSavedFrame":{}},"formattedStack":"fetch/<@resource://services-settings/Utils.sys.mjs:268:15\nfetch@resource://services-settings/Utils.sys.mjs:219:12\n_fetchAttachment@resource://services-settings/Attachments.sys.mjs:554:35\ndownloadAsBytes@resource://services-settings/Attachments.sys.mjs:531:35\nobserve@resource://gre/modules/AsyncShutdown.sys.mjs:569:17\n","nativeSavedFrame":{}},"formattedStack":"open@resource://gre/modules/ServiceRequest.sys.mjs:126:11\nfetch/<@resource://services-settings/Utils.sys.mjs:268:15\nfetch@resource://services-settings/Utils.sys.mjs:219:12\n_fetchAttachment@resource://services-settings/Attachments.sys.mjs:554:35\ndownloadAsBytes@resource://services-settings/Attachments.sys.mjs:531:35\nobserve@resource://gre/modules/AsyncShutdown.sys.mjs:569:17\n","nativeSavedFrame":{}}
    - message = 
    - name = 
    - result = 2152071198
    - stack = open@resource://gre/modules/ServiceRequest.sys.mjs:126:11|fetch/<@resource://services-settings/Utils.sys.mjs:268:15|fetch@resource://services-settings/Utils.sys.mjs:219:12|_fetchAttachment@resource://services-settings/Attachments.sys.mjs:554:35|downloadAsBytes@resource://services-settings/Attachments.sys.mjs:531:35|observe@resource://gre/modules/AsyncShutdown.sys.mjs:569:17|
  - prototype Object
[GFX1-]: glxtest: Unable to open a connection to the X server
[GFX1-]: No GPUs detected via PCI

1780592723072	Marionette	INFO	Marionette enabled
console.error: "Warning: unrecognized command line flag" "-width"
console.error: "Warning: unrecognized command line flag" "-height"
1780592724442	Marionette	INFO	Listening on port 43237
Read port: 43237
WebDriver BiDi listening on ws://127.0.0.1:44739
console.warn: services.settings: Ignoring preference override of remote settings server
console.warn: services.settings: Allow by setting MOZ_REMOTE_SETTINGS_DEVTOOLS=1 in the environment
1780592724694	RemoteAgent	WARN	TLS certificate errors will be ignored for this session
[GFX1-]: glxtest: Unable to open a connection to the X server
[GFX1-]: No GPUs detected via PCI

1780592725007	Marionette	INFO	Marionette enabled
console.error: "Warning: unrecognized command line flag" "-width"
console.error: "Warning: unrecognized command line flag" "-height"
[GFX1-]: RenderCompositorSWGL failed mapping default framebuffer, no dt
1780592727481	Marionette	INFO	Listening on port 39007
WebDriver BiDi listening on ws://127.0.0.1:57913
Read port: 39007
1780592727823	RemoteAgent	WARN	TLS certificate errors will be ignored for this session
[GFX1-]: RenderCompositorSWGL failed mapping default framebuffer, no dt
console.warn: RSLoader: Recipe new-tab-151220260328211913-to-beta-150 not returned from collection nimbus-secure-experiments because it contains feature newtabTrainhopAddon, which is disallowed for that collection.
console.warn: RSLoader: Recipe new-tab-151220260328211913-to-release-only-149 not returned from collection nimbus-secure-experiments because it contains feature newtabTrainhopAddon, which is disallowed for that collection.
console.warn: RSLoader: Recipe new-tab-151320260419192959-to-release-only-150 not returned from collection nimbus-secure-experiments because it contains feature newtabTrainhopAddon, which is disallowed for that collection.
console.warn: RSLoader: Recipe new-tab-15202026050433143-to-release-only-150 not returned from collection nimbus-secure-experiments because it contains feature newtabTrainhopAddon, which is disallowed for that collection.
console.warn: RSLoader: Recipe new-tab-153020260521220634-to-release-151 not returned from collection nimbus-secure-experiments because it contains feature newtabTrainhopAddon, which is disallowed for that collection.
console.warn: RSLoader: Recipe new-tab-153120260528133333-to-release-151 not returned from collection nimbus-secure-experiments because it contains feature newtabTrainhopAddon, which is disallowed for that collection.
console.warn: RSLoader: Recipe new-tab-151220260328211913-to-beta-150 not returned from collection nimbus-secure-experiments because it contains feature newtabTrainhopAddon, which is disallowed for that collection.
console.warn: RSLoader: Recipe new-tab-151220260328211913-to-release-only-149 not returned from collection nimbus-secure-experiments because it contains feature newtabTrainhopAddon, which is disallowed for that collection.
console.warn: RSLoader: Recipe new-tab-151320260419192959-to-release-only-150 not returned from collection nimbus-secure-experiments because it contains feature newtabTrainhopAddon, which is disallowed for that collection.
console.warn: RSLoader: Recipe new-tab-15202026050433143-to-release-only-150 not returned from collection nimbus-secure-experiments because it contains feature newtabTrainhopAddon, which is disallowed for that collection.
console.warn: RSLoader: Recipe new-tab-153020260521220634-to-release-151 not returned from collection nimbus-secure-experiments because it contains feature newtabTrainhopAddon, which is disallowed for that collection.
console.warn: RSLoader: Recipe new-tab-153120260528133333-to-release-151 not returned from collection nimbus-secure-experiments because it contains feature newtabTrainhopAddon, which is disallowed for that collection.
1780592795438	geckodriver	INFO	Listening on 127.0.0.1:34915
1780592808055	mozrunner::runner	INFO	Running command: MOZ_CRASHREPORTER="1" MOZ_CRASHREPORTER_NO_REPORT="1" MOZ_CRASHREPORTER_SHUTDOWN="1" "/usr/bin/firefox" "--m ... 80" "--remote-debugging-port" "53967" "--remote-allow-hosts" "localhost" "-no-remote" "-profile" "/tmp/rust_mozprofileMWC1kA"
JavaScript error: https://static.hsappstatic.net/feedback-web-renderer-ui/static-1.30191/bundles/fetcher.js, line 1: SecurityError: The operation is insecure.
JavaScript error: https://static.hsappstatic.net/feedback-web-renderer-ui/static-1.30191/bundles/fetcher.js, line 1: SecurityError: The operation is insecure.
*** You are running in headless mode.
console.warn: services.settings: Ignoring preference override of remote settings server
console.warn: services.settings: Allow by setting MOZ_REMOTE_SETTINGS_DEVTOOLS=1 in the environment
JavaScript warning: https://js.hs-analytics.net/analytics/1657633500000/7171354.js, line 141: Failed to create WebGL context: WebGL creation failed: 
* WebglAllowWindowsNativeGl:false restricts context creation on this system. ()
* Exhausted GL driver options. (FEATURE_FAILURE_WEBGL_EXHAUSTED_DRIVERS)
JavaScript warning: https://js.hs-analytics.net/analytics/1657633500000/7171354.js, line 141: Failed to create WebGL context: WebGL creation failed: 
* WebglAllowWindowsNativeGl:false restricts context creation on this system. ()
* Exhausted GL driver options. (FEATURE_FAILURE_WEBGL_EXHAUSTED_DRIVERS)
JavaScript warning: https://js.hs-analytics.net/analytics/1657633500000/7171354.js, line 141: Failed to create WebGL context: WebGL creation failed: 
* WebglAllowWindowsNativeGl:false restricts context creation on this system. ()
* Exhausted GL driver options. (FEATURE_FAILURE_WEBGL_EXHAUSTED_DRIVERS)
JavaScript warning: https://js.hs-analytics.net/analytics/1657633500000/7171354.js, line 141: Failed to create WebGL context: WebGL creation failed: 
* WebglAllowWindowsNativeGl:false restricts context creation on this system. ()
* Exhausted GL driver options. (FEATURE_FAILURE_WEBGL_EXHAUSTED_DRIVERS)
[GFX1-]: glxtest: Unable to open a connection to the X server
[GFX1-]: No GPUs detected via PCI

1780592887580	geckodriver	INFO	Listening on 127.0.0.1:45227
1780592896365	Marionette	INFO	Marionette enabled
1780592901457	mozrunner::runner	INFO	Running command: MOZ_CRASHREPORTER="1" MOZ_CRASHREPORTER_NO_REPORT="1" MOZ_CRASHREPORTER_SHUTDOWN="1" "/usr/bin/firefox" "--m ... 80" "--remote-debugging-port" "40307" "--remote-allow-hosts" "localhost" "-no-remote" "-profile" "/tmp/rust_mozprofileB3sxz2"
console.error: "Warning: unrecognized command line flag" "-width"
console.error: "Warning: unrecognized command line flag" "-height"
*** You are running in headless mode.
1780592909693	geckodriver	INFO	Listening on 127.0.0.1:54155
1780592909914	Marionette	INFO	Listening on port 37343
WebDriver BiDi listening on ws://127.0.0.1:53967
console.warn: services.settings: Ignoring preference override of remote settings server
console.warn: services.settings: Allow by setting MOZ_REMOTE_SETTINGS_DEVTOOLS=1 in the environment
1780592922259	mozrunner::runner	INFO	Running command: MOZ_CRASHREPORTER="1" MOZ_CRASHREPORTER_NO_REPORT="1" MOZ_CRASHREPORTER_SHUTDOWN="1" "/usr/bin/firefox" "--m ... 80" "--remote-debugging-port" "60377" "--remote-allow-hosts" "localhost" "-no-remote" "-profile" "/tmp/rust_mozprofileF5hUGR"
[GFX1-]: glxtest: Unable to open a connection to the X server
[GFX1-]: No GPUs detected via PCI

*** You are running in headless mode.
1780592945181	Marionette	INFO	Marionette enabled
console.error: "Warning: unrecognized command line flag" "-width"
console.error: "Warning: unrecognized command line flag" "-height"
console.warn: services.settings: Ignoring preference override of remote settings server
console.warn: services.settings: Allow by setting MOZ_REMOTE_SETTINGS_DEVTOOLS=1 in the environment
[Parent 3000662, IPC I/O Parent] WARNING: process 3009720 exited on signal 15: file ./ipc/chromium/src/chrome/common/process_watcher_posix_sigchld.cc:134
[Parent 3000662, IPC I/O Parent] WARNING: process 3009728 exited on signal 15: file ./ipc/chromium/src/chrome/common/process_watcher_posix_sigchld.cc:134
[Parent 3000662, IPC I/O Parent] WARNING: process 3009732 exited on signal 15: file ./ipc/chromium/src/chrome/common/process_watcher_posix_sigchld.cc:134
A content process crashed and MOZ_CRASHREPORTER_SHUTDOWN is set, shutting down
A content process crashed and MOZ_CRASHREPORTER_SHUTDOWN is set, shutting down
A content process crashed and MOZ_CRASHREPORTER_SHUTDOWN is set, shutting down
JavaScript error: chrome://global/content/elements/browser-custom-element.mjs, line 1751: Error: permitUnload is already running for this tab.
1780592984723	Marionette	INFO	Stopped listening on port 34007
JavaScript error: chrome://global/content/elements/browser-custom-element.mjs, line 1751: Error: permitUnload is already running for this tab.
1780592990209	Marionette	INFO	Listening on port 41779
1780592992257	geckodriver	INFO	Listening on 127.0.0.1:47825
WebDriver BiDi listening on ws://127.0.0.1:40307
console.error: "Failed to fetch https://ads.mozilla.org/v1/delete_user:" "NetworkError when attempting to fetch resource."
console.warn: TopSitesFeed: Failed to fetch data from MARS server: NetworkError when attempting to fetch resource.
[GFX1-]: glxtest: Unable to open a connection to the X server
[GFX1-]: No GPUs detected via PCI

1780592998360	geckodriver::marionette	ERROR	Failed to close browser connection: unknown error
[ERROR glean_core::database] Failed to record metric 'dirtybit' into glean_internal_info: Error { kind: Rkv(IoError(Os { code: 2, kind: NotFound, message: "Arquivo ou diretório inexistente" })) }
[ERROR glean_core] Can't persist ping lifetime data: Error { kind: Rkv(IoError(Os { code: 2, kind: NotFound, message: "Arquivo ou diretório inexistente" })) }
1780592998911	mozrunner::runner	INFO	Running command: MOZ_CRASHREPORTER="1" MOZ_CRASHREPORTER_NO_REPORT="1" MOZ_CRASHREPORTER_SHUTDOWN="1" "/usr/bin/firefox" "--m ... 80" "--remote-debugging-port" "51661" "--remote-allow-hosts" "localhost" "-no-remote" "-profile" "/tmp/rust_mozprofileXVvada"
1780592999959	Marionette	INFO	Marionette enabled
*** You are running in headless mode.
console.warn: services.settings: Ignoring preference override of remote settings server
console.warn: services.settings: Allow by setting MOZ_REMOTE_SETTINGS_DEVTOOLS=1 in the environment
[GFX1-]: glxtest: Unable to open a connection to the X server
[GFX1-]: No GPUs detected via PCI

[GFX1-]: RenderCompositorSWGL failed mapping default framebuffer, no dt
1780593005903	Marionette	INFO	Marionette enabled
console.error: "Warning: unrecognized command line flag" "-width"
console.error: "Warning: unrecognized command line flag" "-height"
1780593009828	Marionette	INFO	Listening on port 34863
WebDriver BiDi listening on ws://127.0.0.1:60377
console.error: "Warning: unrecognized command line flag" "-width"
console.error: "Warning: unrecognized command line flag" "-height"
1780593017332	Marionette	INFO	Listening on port 41707
Read port: 41707
Read port: 41707
WebDriver BiDi listening on ws://127.0.0.1:51661
1780593019671	geckodriver	INFO	Listening on 127.0.0.1:37531
1780593019736	RemoteAgent	WARN	TLS certificate errors will be ignored for this session
1780593028546	mozrunner::runner	INFO	Running command: MOZ_CRASHREPORTER="1" MOZ_CRASHREPORTER_NO_REPORT="1" MOZ_CRASHREPORTER_SHUTDOWN="1" "/usr/bin/firefox" "--m ... 80" "--remote-debugging-port" "47651" "--remote-allow-hosts" "localhost" "-no-remote" "-profile" "/tmp/rust_mozprofileRanMkU"
Exiting due to channel error.
Exiting due to channel error.
Exiting due to channel error.
Exiting due to channel error.
Exiting due to channel error.
*** You are running in headless mode.
console.warn: services.settings: Ignoring preference override of remote settings server
console.warn: services.settings: Allow by setting MOZ_REMOTE_SETTINGS_DEVTOOLS=1 in the environment
[GFX1-]: RenderCompositorSWGL failed mapping default framebuffer, no dt
[GFX1-]: RenderCompositorSWGL failed mapping default framebuffer, no dt
[GFX1-]: glxtest: Unable to open a connection to the X server
[GFX1-]: No GPUs detected via PCI

1780593049919	Marionette	INFO	Marionette enabled
Exiting due to channel error.
Exiting due to channel error.
Exiting due to channel error.
Exiting due to channel error.
console.error: "Warning: unrecognized command line flag" "-width"
console.error: "Warning: unrecognized command line flag" "-height"
console.warn: RSLoader: Recipe new-tab-151220260328211913-to-beta-150 not returned from collection nimbus-secure-experiments because it contains feature newtabTrainhopAddon, which is disallowed for that collection.
console.warn: RSLoader: Recipe new-tab-151220260328211913-to-release-only-149 not returned from collection nimbus-secure-experiments because it contains feature newtabTrainhopAddon, which is disallowed for that collection.
console.warn: RSLoader: Recipe new-tab-151320260419192959-to-release-only-150 not returned from collection nimbus-secure-experiments because it contains feature newtabTrainhopAddon, which is disallowed for that collection.
console.warn: RSLoader: Recipe new-tab-15202026050433143-to-release-only-150 not returned from collection nimbus-secure-experiments because it contains feature newtabTrainhopAddon, which is disallowed for that collection.
console.warn: RSLoader: Recipe new-tab-153020260521220634-to-release-151 not returned from collection nimbus-secure-experiments because it contains feature newtabTrainhopAddon, which is disallowed for that collection.
console.warn: RSLoader: Recipe new-tab-153120260528133333-to-release-151 not returned from collection nimbus-secure-experiments because it contains feature newtabTrainhopAddon, which is disallowed for that collection.
1780593056964	Marionette	INFO	Listening on port 33593
Read port: 33593
WebDriver BiDi listening on ws://127.0.0.1:47651
1780593057522	RemoteAgent	WARN	TLS certificate errors will be ignored for this session
console.error: BackupService: "Failed to measure for resource: miscellaneous" (new NotFoundError("Could not stat `/tmp/rust_mozprofileXVvada/storage/permanent/chrome/idb/2918063365piupsah.sqlite-journal': file does not exist (NS_ERROR_FILE_NOT_FOUND)", (void 0)))
1780593080641	geckodriver	INFO	Listening on 127.0.0.1:38869
1780593087061	mozrunner::runner	INFO	Running command: MOZ_CRASHREPORTER="1" MOZ_CRASHREPORTER_NO_REPORT="1" MOZ_CRASHREPORTER_SHUTDOWN="1" "/usr/bin/firefox" "--m ... 80" "--remote-debugging-port" "58865" "--remote-allow-hosts" "localhost" "-no-remote" "-profile" "/tmp/rust_mozprofilepU5ZYM"
[GFX1-]: RenderCompositorSWGL failed mapping default framebuffer, no dt
*** You are running in headless mode.
console.warn: services.settings: Ignoring preference override of remote settings server
console.warn: services.settings: Allow by setting MOZ_REMOTE_SETTINGS_DEVTOOLS=1 in the environment
[GFX1-]: glxtest: Unable to open a connection to the X server
[GFX1-]: No GPUs detected via PCI

1780593128623	Marionette	INFO	Marionette enabled
console.error: "Warning: unrecognized command line flag" "-width"
console.error: "Warning: unrecognized command line flag" "-height"
1780593156485	Marionette	INFO	Listening on port 34829
WebDriver BiDi listening on ws://127.0.0.1:58865
1780593178312	geckodriver	INFO	Listening on 127.0.0.1:34337
1780593295710	mozrunner::runner	INFO	Running command: MOZ_CRASHREPORTER="1" MOZ_CRASHREPORTER_NO_REPORT="1" MOZ_CRASHREPORTER_SHUTDOWN="1" "/usr/bin/firefox" "--m ... 80" "--remote-debugging-port" "59195" "--remote-allow-hosts" "localhost" "-no-remote" "-profile" "/tmp/rust_mozprofileESEJk2"
*** You are running in headless mode.
1780593398105	geckodriver	INFO	Listening on 127.0.0.1:50931
1780593398105	geckodriver	INFO	Listening on 127.0.0.1:32877
1780594802124	geckodriver	INFO	Listening on 127.0.0.1:44589
1780594803123	mozrunner::runner	INFO	Running command: MOZ_CRASHREPORTER="1" MOZ_CRASHREPORTER_NO_REPORT="1" MOZ_CRASHREPORTER_SHUTDOWN="1" "/usr/bin/firefox" "--m ... 80" "--remote-debugging-port" "43591" "--remote-allow-hosts" "localhost" "-no-remote" "-profile" "/tmp/rust_mozprofilelh2oy5"
*** You are running in headless mode.
console.warn: services.settings: Ignoring preference override of remote settings server
console.warn: services.settings: Allow by setting MOZ_REMOTE_SETTINGS_DEVTOOLS=1 in the environment
[GFX1-]: glxtest: Unable to open a connection to the X server
[GFX1-]: No GPUs detected via PCI

1780594805773	Marionette	INFO	Marionette enabled
console.error: "Warning: unrecognized command line flag" "-width"
console.error: "Warning: unrecognized command line flag" "-height"
1780594806404	Marionette	INFO	Listening on port 44805
Read port: 44805
WebDriver BiDi listening on ws://127.0.0.1:43591
1780594806682	RemoteAgent	WARN	TLS certificate errors will be ignored for this session
[GFX1-]: RenderCompositorSWGL failed mapping default framebuffer, no dt
console.warn: RSLoader: Recipe new-tab-151220260328211913-to-beta-150 not returned from collection nimbus-secure-experiments because it contains feature newtabTrainhopAddon, which is disallowed for that collection.
console.warn: RSLoader: Recipe new-tab-151220260328211913-to-release-only-149 not returned from collection nimbus-secure-experiments because it contains feature newtabTrainhopAddon, which is disallowed for that collection.
console.warn: RSLoader: Recipe new-tab-151320260419192959-to-release-only-150 not returned from collection nimbus-secure-experiments because it contains feature newtabTrainhopAddon, which is disallowed for that collection.
console.warn: RSLoader: Recipe new-tab-15202026050433143-to-release-only-150 not returned from collection nimbus-secure-experiments because it contains feature newtabTrainhopAddon, which is disallowed for that collection.
console.warn: RSLoader: Recipe new-tab-153020260521220634-to-release-151 not returned from collection nimbus-secure-experiments because it contains feature newtabTrainhopAddon, which is disallowed for that collection.
console.warn: RSLoader: Recipe new-tab-153120260528133333-to-release-151 not returned from collection nimbus-secure-experiments because it contains feature newtabTrainhopAddon, which is disallowed for that collection.
JavaScript warning: https://js.hs-analytics.net/analytics/1657633500000/7171354.js, line 141: Failed to create WebGL context: WebGL creation failed: 
* WebglAllowWindowsNativeGl:false restricts context creation on this system. ()
* Exhausted GL driver options. (FEATURE_FAILURE_WEBGL_EXHAUSTED_DRIVERS)
JavaScript warning: https://js.hs-analytics.net/analytics/1657633500000/7171354.js, line 141: Failed to create WebGL context: WebGL creation failed: 
* WebglAllowWindowsNativeGl:false restricts context creation on this system. ()
* Exhausted GL driver options. (FEATURE_FAILURE_WEBGL_EXHAUSTED_DRIVERS)
JavaScript error: https://static.hsappstatic.net/feedback-web-renderer-ui/static-1.30191/bundles/fetcher.js, line 1: SecurityError: The operation is insecure.
1780594861932	geckodriver	INFO	Listening on 127.0.0.1:41421
1780594861967	mozrunner::runner	INFO	Running command: MOZ_CRASHREPORTER="1" MOZ_CRASHREPORTER_NO_REPORT="1" MOZ_CRASHREPORTER_SHUTDOWN="1" "/usr/bin/firefox" "--m ... 80" "--remote-debugging-port" "38605" "--remote-allow-hosts" "localhost" "-no-remote" "-profile" "/tmp/rust_mozprofilevVALqL"
*** You are running in headless mode.
console.warn: services.settings: Ignoring preference override of remote settings server
console.warn: services.settings: Allow by setting MOZ_REMOTE_SETTINGS_DEVTOOLS=1 in the environment
[GFX1-]: glxtest: Unable to open a connection to the X server
[GFX1-]: No GPUs detected via PCI

1780594862420	Marionette	INFO	Marionette enabled
console.error: "Warning: unrecognized command line flag" "-width"
console.error: "Warning: unrecognized command line flag" "-height"
1780594862901	Marionette	INFO	Listening on port 37985
WebDriver BiDi listening on ws://127.0.0.1:38605
Read port: 37985
1780594863156	RemoteAgent	WARN	TLS certificate errors will be ignored for this session
[GFX1-]: RenderCompositorSWGL failed mapping default framebuffer, no dt
console.warn: RSLoader: Recipe new-tab-151220260328211913-to-beta-150 not returned from collection nimbus-secure-experiments because it contains feature newtabTrainhopAddon, which is disallowed for that collection.
console.warn: RSLoader: Recipe new-tab-151220260328211913-to-release-only-149 not returned from collection nimbus-secure-experiments because it contains feature newtabTrainhopAddon, which is disallowed for that collection.
console.warn: RSLoader: Recipe new-tab-151320260419192959-to-release-only-150 not returned from collection nimbus-secure-experiments because it contains feature newtabTrainhopAddon, which is disallowed for that collection.
console.warn: RSLoader: Recipe new-tab-15202026050433143-to-release-only-150 not returned from collection nimbus-secure-experiments because it contains feature newtabTrainhopAddon, which is disallowed for that collection.
console.warn: RSLoader: Recipe new-tab-153020260521220634-to-release-151 not returned from collection nimbus-secure-experiments because it contains feature newtabTrainhopAddon, which is disallowed for that collection.
console.warn: RSLoader: Recipe new-tab-153120260528133333-to-release-151 not returned from collection nimbus-secure-experiments because it contains feature newtabTrainhopAddon, which is disallowed for that collection.
JavaScript warning: https://js.hs-analytics.net/analytics/1657633500000/7171354.js, line 141: Failed to create WebGL context: WebGL creation failed: 
* WebglAllowWindowsNativeGl:false restricts context creation on this system. ()
* Exhausted GL driver options. (FEATURE_FAILURE_WEBGL_EXHAUSTED_DRIVERS)
JavaScript warning: https://js.hs-analytics.net/analytics/1657633500000/7171354.js, line 141: Failed to create WebGL context: WebGL creation failed: 
* WebglAllowWindowsNativeGl:false restricts context creation on this system. ()
* Exhausted GL driver options. (FEATURE_FAILURE_WEBGL_EXHAUSTED_DRIVERS)
JavaScript error: https://static.hsappstatic.net/feedback-web-renderer-ui/static-1.30191/bundles/fetcher.js, line 1: SecurityError: The operation is insecure.
1780594922083	geckodriver	INFO	Listening on 127.0.0.1:57547
1780594922156	mozrunner::runner	INFO	Running command: MOZ_CRASHREPORTER="1" MOZ_CRASHREPORTER_NO_REPORT="1" MOZ_CRASHREPORTER_SHUTDOWN="1" "/usr/bin/firefox" "--m ... 80" "--remote-debugging-port" "42359" "--remote-allow-hosts" "localhost" "-no-remote" "-profile" "/tmp/rust_mozprofilevZAyDh"
*** You are running in headless mode.
console.warn: services.settings: Ignoring preference override of remote settings server
console.warn: services.settings: Allow by setting MOZ_REMOTE_SETTINGS_DEVTOOLS=1 in the environment
[GFX1-]: glxtest: Unable to open a connection to the X server
[GFX1-]: No GPUs detected via PCI

1780594922718	Marionette	INFO	Marionette enabled
console.error: "Warning: unrecognized command line flag" "-width"
console.error: "Warning: unrecognized command line flag" "-height"
1780594923252	Marionette	INFO	Listening on port 34679
Read port: 34679
WebDriver BiDi listening on ws://127.0.0.1:42359
1780594923399	RemoteAgent	WARN	TLS certificate errors will be ignored for this session
[GFX1-]: RenderCompositorSWGL failed mapping default framebuffer, no dt
console.error: (new TypeError("can't access property \"find\", this._searchProviderInfo is null", "moz-src:///browser/components/search/SearchSERPTelemetry.sys.mjs", 978))
console.warn: RSLoader: Recipe new-tab-151220260328211913-to-beta-150 not returned from collection nimbus-secure-experiments because it contains feature newtabTrainhopAddon, which is disallowed for that collection.
console.warn: RSLoader: Recipe new-tab-151220260328211913-to-release-only-149 not returned from collection nimbus-secure-experiments because it contains feature newtabTrainhopAddon, which is disallowed for that collection.
console.warn: RSLoader: Recipe new-tab-151320260419192959-to-release-only-150 not returned from collection nimbus-secure-experiments because it contains feature newtabTrainhopAddon, which is disallowed for that collection.
console.warn: RSLoader: Recipe new-tab-15202026050433143-to-release-only-150 not returned from collection nimbus-secure-experiments because it contains feature newtabTrainhopAddon, which is disallowed for that collection.
console.warn: RSLoader: Recipe new-tab-153020260521220634-to-release-151 not returned from collection nimbus-secure-experiments because it contains feature newtabTrainhopAddon, which is disallowed for that collection.
console.warn: RSLoader: Recipe new-tab-153120260528133333-to-release-151 not returned from collection nimbus-secure-experiments because it contains feature newtabTrainhopAddon, which is disallowed for that collection.
JavaScript error: https://static.hsappstatic.net/feedback-web-renderer-ui/static-1.30191/bundles/fetcher.js, line 1: SecurityError: The operation is insecure.
JavaScript warning: https://js.hs-analytics.net/analytics/1657633500000/7171354.js, line 141: Failed to create WebGL context: WebGL creation failed: 
* WebglAllowWindowsNativeGl:false restricts context creation on this system. ()
* Exhausted GL driver options. (FEATURE_FAILURE_WEBGL_EXHAUSTED_DRIVERS)
JavaScript warning: https://js.hs-analytics.net/analytics/1657633500000/7171354.js, line 141: Failed to create WebGL context: WebGL creation failed: 
* WebglAllowWindowsNativeGl:false restricts context creation on this system. ()
* Exhausted GL driver options. (FEATURE_FAILURE_WEBGL_EXHAUSTED_DRIVERS)
1780594983503	geckodriver	INFO	Listening on 127.0.0.1:51945
1780594984160	mozrunner::runner	INFO	Running command: MOZ_CRASHREPORTER="1" MOZ_CRASHREPORTER_NO_REPORT="1" MOZ_CRASHREPORTER_SHUTDOWN="1" "/usr/bin/firefox" "--m ... 80" "--remote-debugging-port" "41681" "--remote-allow-hosts" "localhost" "-no-remote" "-profile" "/tmp/rust_mozprofileMBBIKg"
*** You are running in headless mode.
console.warn: services.settings: Ignoring preference override of remote settings server
console.warn: services.settings: Allow by setting MOZ_REMOTE_SETTINGS_DEVTOOLS=1 in the environment
[GFX1-]: glxtest: Unable to open a connection to the X server
[GFX1-]: No GPUs detected via PCI

1780594991285	Marionette	INFO	Marionette enabled
console.error: "Warning: unrecognized command line flag" "-width"
console.error: "Warning: unrecognized command line flag" "-height"
1780594991955	Marionette	INFO	Listening on port 35047
Read port: 35047
WebDriver BiDi listening on ws://127.0.0.1:41681
1780594992464	RemoteAgent	WARN	TLS certificate errors will be ignored for this session
[GFX1-]: RenderCompositorSWGL failed mapping default framebuffer, no dt
console.warn: RSLoader: Recipe new-tab-151220260328211913-to-beta-150 not returned from collection nimbus-secure-experiments because it contains feature newtabTrainhopAddon, which is disallowed for that collection.
console.warn: RSLoader: Recipe new-tab-151220260328211913-to-release-only-149 not returned from collection nimbus-secure-experiments because it contains feature newtabTrainhopAddon, which is disallowed for that collection.
console.warn: RSLoader: Recipe new-tab-151320260419192959-to-release-only-150 not returned from collection nimbus-secure-experiments because it contains feature newtabTrainhopAddon, which is disallowed for that collection.
console.warn: RSLoader: Recipe new-tab-15202026050433143-to-release-only-150 not returned from collection nimbus-secure-experiments because it contains feature newtabTrainhopAddon, which is disallowed for that collection.
console.warn: RSLoader: Recipe new-tab-153020260521220634-to-release-151 not returned from collection nimbus-secure-experiments because it contains feature newtabTrainhopAddon, which is disallowed for that collection.
console.warn: RSLoader: Recipe new-tab-153120260528133333-to-release-151 not returned from collection nimbus-secure-experiments because it contains feature newtabTrainhopAddon, which is disallowed for that collection.
1780595022935	Marionette	INFO	Stopped listening on port 44805
1780595030523	Marionette	INFO	Stopped listening on port 37985
JavaScript warning: https://js.hubspot.com/web-interactives-embed.js, line 1: Script terminated by timeout at:
pollForConversationsRendered/</t<@https://js.hubspot.com/web-interactives-embed.js:1:54877

JavaScript warning: https://statusinvest.com.br/lib/ion.rangeSlider/ion.rangeSlider.min.js?v=2.4.27.ABCDEG, line 2: Script terminated by timeout at:
updateScene@https://statusinvest.com.br/lib/ion.rangeSlider/ion.rangeSlider.min.js?v=2.4.27.ABCDEG:2:24402

console.error: "Failed to fetch https://ads.mozilla.org/v1/delete_user:" "NetworkError when attempting to fetch resource."
console.warn: TopSitesFeed: Failed to fetch data from MARS server: NetworkError when attempting to fetch resource.
JavaScript warning: https://js.hs-analytics.net/analytics/1657633500000/7171354.js, line 141: Failed to create WebGL context: WebGL creation failed: 
* WebglAllowWindowsNativeGl:false restricts context creation on this system. ()
* Exhausted GL driver options. (FEATURE_FAILURE_WEBGL_EXHAUSTED_DRIVERS)
JavaScript warning: https://js.hs-analytics.net/analytics/1657633500000/7171354.js, line 141: Failed to create WebGL context: WebGL creation failed: 
* WebglAllowWindowsNativeGl:false restricts context creation on this system. ()
* Exhausted GL driver options. (FEATURE_FAILURE_WEBGL_EXHAUSTED_DRIVERS)
console.error: "Failed to fetch https://ads.mozilla.org/v1/delete_user:" "NetworkError when attempting to fetch resource."
console.warn: TopSitesFeed: Failed to fetch data from MARS server: NetworkError when attempting to fetch resource.
1780595042194	geckodriver	INFO	Listening on 127.0.0.1:40311
1780595042528	Marionette	INFO	Stopped listening on port 35047
1780595042844	mozrunner::runner	INFO	Running command: MOZ_CRASHREPORTER="1" MOZ_CRASHREPORTER_NO_REPORT="1" MOZ_CRASHREPORTER_SHUTDOWN="1" "/usr/bin/firefox" "--m ... 80" "--remote-debugging-port" "60097" "--remote-allow-hosts" "localhost" "-no-remote" "-profile" "/tmp/rust_mozprofileHtV5aJ"
*** You are running in headless mode.
console.error: "Failed to fetch https://ads.mozilla.org/v1/delete_user:" "NetworkError when attempting to fetch resource."
console.warn: TopSitesFeed: Failed to fetch data from MARS server: NetworkError when attempting to fetch resource.
console.warn: services.settings: Ignoring preference override of remote settings server
console.warn: services.settings: Allow by setting MOZ_REMOTE_SETTINGS_DEVTOOLS=1 in the environment
console.warn: services.settings: main/nimbus-desktop-experiments sync interrupted by shutdown
console.warn: services.settings: main/fxmonitor-breaches sync interrupted by shutdown
console.warn: services.settings: main/nimbus-secure-experiments sync interrupted by shutdown
console.warn: services.settings: main/url-classifier-exceptions sync interrupted by shutdown
console.warn: services.settings: security-state/intermediates sync interrupted by shutdown
console.warn: services.settings: main/tracking-protection-lists sync interrupted by shutdown
console.warn: services.settings: main/search-telemetry-v2 sync interrupted by shutdown
console.warn: services.settings: main/translations-models sync interrupted by shutdown
console.warn: services.settings: main/cfr sync interrupted by shutdown
console.warn: services.settings: main/newtab-wallpapers-v2 sync interrupted by shutdown
console.warn: services.settings: main/devtools-compatibility-browsers sync interrupted by shutdown
console.error: (new Error("IndexedDB: main/content-classifier-lists getLastModified() IndexedDB:  execute() The application is shutting down", "resource://services-settings/IDBHelpers.sys.mjs", 16))
[GFX1-]: glxtest: Unable to open a connection to the X server
[GFX1-]: No GPUs detected via PCI

1780595044435	Marionette	INFO	Marionette enabled
console.error: "Warning: unrecognized command line flag" "-width"
console.error: "Warning: unrecognized command line flag" "-height"
1780595046439	Marionette	INFO	Listening on port 33355
Read port: 33355
WebDriver BiDi listening on ws://127.0.0.1:60097
1780595046612	RemoteAgent	WARN	TLS certificate errors will be ignored for this session
[GFX1-]: RenderCompositorSWGL failed mapping default framebuffer, no dt
console.warn: RSLoader: Recipe new-tab-151220260328211913-to-beta-150 not returned from collection nimbus-secure-experiments because it contains feature newtabTrainhopAddon, which is disallowed for that collection.
console.warn: RSLoader: Recipe new-tab-151220260328211913-to-release-only-149 not returned from collection nimbus-secure-experiments because it contains feature newtabTrainhopAddon, which is disallowed for that collection.
console.warn: RSLoader: Recipe new-tab-151320260419192959-to-release-only-150 not returned from collection nimbus-secure-experiments because it contains feature newtabTrainhopAddon, which is disallowed for that collection.
console.warn: RSLoader: Recipe new-tab-15202026050433143-to-release-only-150 not returned from collection nimbus-secure-experiments because it contains feature newtabTrainhopAddon, which is disallowed for that collection.
console.warn: RSLoader: Recipe new-tab-153020260521220634-to-release-151 not returned from collection nimbus-secure-experiments because it contains feature newtabTrainhopAddon, which is disallowed for that collection.
console.warn: RSLoader: Recipe new-tab-153120260528133333-to-release-151 not returned from collection nimbus-secure-experiments because it contains feature newtabTrainhopAddon, which is disallowed for that collection.
1780595101682	geckodriver	INFO	Listening on 127.0.0.1:39833
1780595102240	mozrunner::runner	INFO	Running command: MOZ_CRASHREPORTER="1" MOZ_CRASHREPORTER_NO_REPORT="1" MOZ_CRASHREPORTER_SHUTDOWN="1" "/usr/bin/firefox" "--m ... 80" "--remote-debugging-port" "34397" "--remote-allow-hosts" "localhost" "-no-remote" "-profile" "/tmp/rust_mozprofile13yApo"
*** You are running in headless mode.
console.warn: services.settings: Ignoring preference override of remote settings server
console.warn: services.settings: Allow by setting MOZ_REMOTE_SETTINGS_DEVTOOLS=1 in the environment
[GFX1-]: glxtest: Unable to open a connection to the X server
[GFX1-]: No GPUs detected via PCI

1780595102810	Marionette	INFO	Marionette enabled
console.error: "Warning: unrecognized command line flag" "-width"
console.error: "Warning: unrecognized command line flag" "-height"
1780595105787	Marionette	INFO	Listening on port 44407
WebDriver BiDi listening on ws://127.0.0.1:34397
Read port: 44407
1780595106047	RemoteAgent	WARN	TLS certificate errors will be ignored for this session
[GFX1-]: RenderCompositorSWGL failed mapping default framebuffer, no dt
1780595129370	Marionette	INFO	Stopped listening on port 34679
console.error: "Failed to fetch https://ads.mozilla.org/v1/delete_user:" "NetworkError when attempting to fetch resource."
console.warn: TopSitesFeed: Failed to fetch data from MARS server: NetworkError when attempting to fetch resource.
1780595131539	Marionette	WARN	Ignoring event 'pageshow' because document has an invalid readyState of 'uninitialized'.
1780595131784	Marionette	INFO	Stopped listening on port 44407
console.error: "Failed to fetch https://ads.mozilla.org/v1/delete_user:" "NetworkError when attempting to fetch resource."
console.warn: TopSitesFeed: Failed to fetch data from MARS server: NetworkError when attempting to fetch resource.
console.error: services.settings: 
  Remote Settings startup changesets bundle could not be extracted (TypeError: NetworkError: Network request failed)
console.error: services.settings: 
Object
  - prototype Object
    - columnNumber = 0
    - data = null
    - filename = resource://gre/modules/ServiceRequest.sys.mjs
    - lineNumber = 126
    - location = {"name":"open","filename":"resource://gre/modules/ServiceRequest.sys.mjs","sourceId":25,"lineNumber":126,"columnNumber":11,"asyncCause":null,"asyncCaller":null,"caller":{"filename":"resource://services-settings/Utils.sys.mjs","name":"fetch/<","sourceId":24,"lineNumber":268,"columnNumber":15,"asyncCause":null,"asyncCaller":null,"caller":{"filename":"resource://services-settings/Utils.sys.mjs","name":"fetch","sourceId":24,"lineNumber":219,"columnNumber":12,"asyncCause":null,"asyncCaller":null,"caller":{"filename":"resource://services-settings/Utils.sys.mjs","name":"fetchLatestChanges","sourceId":24,"lineNumber":429,"columnNumber":34,"asyncCause":null,"asyncCaller":null,"caller":{"filename":"resource://services-settings/RemoteSettingsClient.sys.mjs","name":"sync","sourceId":22,"lineNumber":630,"columnNumber":42,"asyncCause":null,"asyncCaller":null,"caller":{"filename":"resource://services-settings/RemoteSettingsClient.sys.mjs","name":"get/this._importingPromise<","sourceId":22,"lineNumber":482,"columnNumber":28,"asyncCause":null,"asyncCaller":null,"caller":null,"formattedStack":"get/this._importingPromise<@resource://services-settings/RemoteSettingsClient.sys.mjs:482:28\n","nativeSavedFrame":{}},"formattedStack":"sync@resource://services-settings/RemoteSettingsClient.sys.mjs:630:42\nget/this._importingPromise<@resource://services-settings/RemoteSettingsClient.sys.mjs:482:28\n","nativeSavedFrame":{}},"formattedStack":"fetchLatestChanges@resource://services-settings/Utils.sys.mjs:429:34\nsync@resource://services-settings/RemoteSettingsClient.sys.mjs:630:42\nget/this._importingPromise<@resource://services-settings/RemoteSettingsClient.sys.mjs:482:28\n","nativeSavedFrame":{}},"formattedStack":"fetch@resource://services-settings/Utils.sys.mjs:219:12\nfetchLatestChanges@resource://services-settings/Utils.sys.mjs:429:34\nsync@resource://services-settings/RemoteSettingsClient.sys.mjs:630:42\nget/this._importingPromise<@resource://services-settings/RemoteSettingsClient.sys.mjs:482:28\n","nativeSavedFrame":{}},"formattedStack":"fetch/<@resource://services-settings/Utils.sys.mjs:268:15\nfetch@resource://services-settings/Utils.sys.mjs:219:12\nfetchLatestChanges@resource://services-settings/Utils.sys.mjs:429:34\nsync@resource://services-settings/RemoteSettingsClient.sys.mjs:630:42\nget/this._importingPromise<@resource://services-settings/RemoteSettingsClient.sys.mjs:482:28\n","nativeSavedFrame":{}},"formattedStack":"open@resource://gre/modules/ServiceRequest.sys.mjs:126:11\nfetch/<@resource://services-settings/Utils.sys.mjs:268:15\nfetch@resource://services-settings/Utils.sys.mjs:219:12\nfetchLatestChanges@resource://services-settings/Utils.sys.mjs:429:34\nsync@resource://services-settings/RemoteSettingsClient.sys.mjs:630:42\nget/this._importingPromise<@resource://services-settings/RemoteSettingsClient.sys.mjs:482:28\n","nativeSavedFrame":{}}
    - message = 
    - name = 
    - result = 2152071198
    - stack = open@resource://gre/modules/ServiceRequest.sys.mjs:126:11|fetch/<@resource://services-settings/Utils.sys.mjs:268:15|fetch@resource://services-settings/Utils.sys.mjs:219:12|fetchLatestChanges@resource://services-settings/Utils.sys.mjs:429:34|sync@resource://services-settings/RemoteSettingsClient.sys.mjs:630:42|get/this._importingPromise<@resource://services-settings/RemoteSettingsClient.sys.mjs:482:28|
  - prototype Object
console.error: services.settings: 
Object
  - prototype Object
    - columnNumber = 0
    - data = null
    - filename = resource://gre/modules/ServiceRequest.sys.mjs
    - lineNumber = 126
    - location = {"name":"open","filename":"resource://gre/modules/ServiceRequest.sys.mjs","sourceId":25,"lineNumber":126,"columnNumber":11,"asyncCause":null,"asyncCaller":null,"caller":{"filename":"resource://services-settings/Utils.sys.mjs","name":"fetch/<","sourceId":24,"lineNumber":268,"columnNumber":15,"asyncCause":null,"asyncCaller":null,"caller":{"filename":"resource://services-settings/Utils.sys.mjs","name":"fetch","sourceId":24,"lineNumber":219,"columnNumber":12,"asyncCause":null,"asyncCaller":null,"caller":{"filename":"resource://services-settings/Utils.sys.mjs","name":"fetchLatestChanges","sourceId":24,"lineNumber":429,"columnNumber":34,"asyncCause":null,"asyncCaller":null,"caller":{"filename":"resource://services-settings/RemoteSettingsClient.sys.mjs","name":"sync","sourceId":22,"lineNumber":630,"columnNumber":42,"asyncCause":null,"asyncCaller":null,"caller":{"filename":"resource://services-settings/RemoteSettingsClient.sys.mjs","name":"get/this._importingPromise<","sourceId":22,"lineNumber":482,"columnNumber":28,"asyncCause":null,"asyncCaller":null,"caller":null,"formattedStack":"get/this._importingPromise<@resource://services-settings/RemoteSettingsClient.sys.mjs:482:28\n","nativeSavedFrame":{}},"formattedStack":"sync@resource://services-settings/RemoteSettingsClient.sys.mjs:630:42\nget/this._importingPromise<@resource://services-settings/RemoteSettingsClient.sys.mjs:482:28\n","nativeSavedFrame":{}},"formattedStack":"fetchLatestChanges@resource://services-settings/Utils.sys.mjs:429:34\nsync@resource://services-settings/RemoteSettingsClient.sys.mjs:630:42\nget/this._importingPromise<@resource://services-settings/RemoteSettingsClient.sys.mjs:482:28\n","nativeSavedFrame":{}},"formattedStack":"fetch@resource://services-settings/Utils.sys.mjs:219:12\nfetchLatestChanges@resource://services-settings/Utils.sys.mjs:429:34\nsync@resource://services-settings/RemoteSettingsClient.sys.mjs:630:42\nget/this._importingPromise<@resource://services-settings/RemoteSettingsClient.sys.mjs:482:28\n","nativeSavedFrame":{}},"formattedStack":"fetch/<@resource://services-settings/Utils.sys.mjs:268:15\nfetch@resource://services-settings/Utils.sys.mjs:219:12\nfetchLatestChanges@resource://services-settings/Utils.sys.mjs:429:34\nsync@resource://services-settings/RemoteSettingsClient.sys.mjs:630:42\nget/this._importingPromise<@resource://services-settings/RemoteSettingsClient.sys.mjs:482:28\n","nativeSavedFrame":{}},"formattedStack":"open@resource://gre/modules/ServiceRequest.sys.mjs:126:11\nfetch/<@resource://services-settings/Utils.sys.mjs:268:15\nfetch@resource://services-settings/Utils.sys.mjs:219:12\nfetchLatestChanges@resource://services-settings/Utils.sys.mjs:429:34\nsync@resource://services-settings/RemoteSettingsClient.sys.mjs:630:42\nget/this._importingPromise<@resource://services-settings/RemoteSettingsClient.sys.mjs:482:28\n","nativeSavedFrame":{}}
    - message = 
    - name = 
    - result = 2152071198
    - stack = open@resource://gre/modules/ServiceRequest.sys.mjs:126:11|fetch/<@resource://services-settings/Utils.sys.mjs:268:15|fetch@resource://services-settings/Utils.sys.mjs:219:12|fetchLatestChanges@resource://services-settings/Utils.sys.mjs:429:34|sync@resource://services-settings/RemoteSettingsClient.sys.mjs:630:42|get/this._importingPromise<@resource://services-settings/RemoteSettingsClient.sys.mjs:482:28|
  - prototype Object
console.error: services.settings: 
Object
  - prototype Object
    - columnNumber = 0
    - data = null
    - filename = resource://gre/modules/ServiceRequest.sys.mjs
    - lineNumber = 126
    - location = {"name":"open","filename":"resource://gre/modules/ServiceRequest.sys.mjs","sourceId":25,"lineNumber":126,"columnNumber":11,"asyncCause":null,"asyncCaller":null,"caller":{"filename":"resource://services-settings/Utils.sys.mjs","name":"fetch/<","sourceId":24,"lineNumber":268,"columnNumber":15,"asyncCause":null,"asyncCaller":null,"caller":{"filename":"resource://services-settings/Utils.sys.mjs","name":"fetch","sourceId":24,"lineNumber":219,"columnNumber":12,"asyncCause":null,"asyncCaller":null,"caller":{"filename":"resource://services-settings/Utils.sys.mjs","name":"fetchLatestChanges","sourceId":24,"lineNumber":429,"columnNumber":34,"asyncCause":null,"asyncCaller":null,"caller":{"filename":"resource://services-settings/RemoteSettingsClient.sys.mjs","name":"sync","sourceId":22,"lineNumber":630,"columnNumber":42,"asyncCause":null,"asyncCaller":null,"caller":{"filename":"resource://services-settings/RemoteSettingsClient.sys.mjs","name":"get/this._importingPromise<","sourceId":22,"lineNumber":482,"columnNumber":28,"asyncCause":null,"asyncCaller":null,"caller":null,"formattedStack":"get/this._importingPromise<@resource://services-settings/RemoteSettingsClient.sys.mjs:482:28\n","nativeSavedFrame":{}},"formattedStack":"sync@resource://services-settings/RemoteSettingsClient.sys.mjs:630:42\nget/this._importingPromise<@resource://services-settings/RemoteSettingsClient.sys.mjs:482:28\n","nativeSavedFrame":{}},"formattedStack":"fetchLatestChanges@resource://services-settings/Utils.sys.mjs:429:34\nsync@resource://services-settings/RemoteSettingsClient.sys.mjs:630:42\nget/this._importingPromise<@resource://services-settings/RemoteSettingsClient.sys.mjs:482:28\n","nativeSavedFrame":{}},"formattedStack":"fetch@resource://services-settings/Utils.sys.mjs:219:12\nfetchLatestChanges@resource://services-settings/Utils.sys.mjs:429:34\nsync@resource://services-settings/RemoteSettingsClient.sys.mjs:630:42\nget/this._importingPromise<@resource://services-settings/RemoteSettingsClient.sys.mjs:482:28\n","nativeSavedFrame":{}},"formattedStack":"fetch/<@resource://services-settings/Utils.sys.mjs:268:15\nfetch@resource://services-settings/Utils.sys.mjs:219:12\nfetchLatestChanges@resource://services-settings/Utils.sys.mjs:429:34\nsync@resource://services-settings/RemoteSettingsClient.sys.mjs:630:42\nget/this._importingPromise<@resource://services-settings/RemoteSettingsClient.sys.mjs:482:28\n","nativeSavedFrame":{}},"formattedStack":"open@resource://gre/modules/ServiceRequest.sys.mjs:126:11\nfetch/<@resource://services-settings/Utils.sys.mjs:268:15\nfetch@resource://services-settings/Utils.sys.mjs:219:12\nfetchLatestChanges@resource://services-settings/Utils.sys.mjs:429:34\nsync@resource://services-settings/RemoteSettingsClient.sys.mjs:630:42\nget/this._importingPromise<@resource://services-settings/RemoteSettingsClient.sys.mjs:482:28\n","nativeSavedFrame":{}}
    - message = 
    - name = 
    - result = 2152071198
    - stack = open@resource://gre/modules/ServiceRequest.sys.mjs:126:11|fetch/<@resource://services-settings/Utils.sys.mjs:268:15|fetch@resource://services-settings/Utils.sys.mjs:219:12|fetchLatestChanges@resource://services-settings/Utils.sys.mjs:429:34|sync@resource://services-settings/RemoteSettingsClient.sys.mjs:630:42|get/this._importingPromise<@resource://services-settings/RemoteSettingsClient.sys.mjs:482:28|
  - prototype Object
console.error: services.settings: 
Object
  - prototype Object
    - columnNumber = 0
    - data = null
    - filename = resource://gre/modules/ServiceRequest.sys.mjs
    - lineNumber = 126
    - location = {"name":"open","filename":"resource://gre/modules/ServiceRequest.sys.mjs","sourceId":25,"lineNumber":126,"columnNumber":11,"asyncCause":null,"asyncCaller":null,"caller":{"filename":"resource://services-settings/Utils.sys.mjs","name":"fetch/<","sourceId":24,"lineNumber":268,"columnNumber":15,"asyncCause":null,"asyncCaller":null,"caller":{"filename":"resource://services-settings/Utils.sys.mjs","name":"fetch","sourceId":24,"lineNumber":219,"columnNumber":12,"asyncCause":null,"asyncCaller":null,"caller":{"filename":"resource://services-settings/Utils.sys.mjs","name":"fetchLatestChanges","sourceId":24,"lineNumber":429,"columnNumber":34,"asyncCause":null,"asyncCaller":null,"caller":{"filename":"resource://services-settings/RemoteSettingsClient.sys.mjs","name":"sync","sourceId":22,"lineNumber":630,"columnNumber":42,"asyncCause":null,"asyncCaller":null,"caller":{"filename":"resource://services-settings/RemoteSettingsClient.sys.mjs","name":"get/this._importingPromise<","sourceId":22,"lineNumber":482,"columnNumber":28,"asyncCause":null,"asyncCaller":null,"caller":null,"formattedStack":"get/this._importingPromise<@resource://services-settings/RemoteSettingsClient.sys.mjs:482:28\n","nativeSavedFrame":{}},"formattedStack":"sync@resource://services-settings/RemoteSettingsClient.sys.mjs:630:42\nget/this._importingPromise<@resource://services-settings/RemoteSettingsClient.sys.mjs:482:28\n","nativeSavedFrame":{}},"formattedStack":"fetchLatestChanges@resource://services-settings/Utils.sys.mjs:429:34\nsync@resource://services-settings/RemoteSettingsClient.sys.mjs:630:42\nget/this._importingPromise<@resource://services-settings/RemoteSettingsClient.sys.mjs:482:28\n","nativeSavedFrame":{}},"formattedStack":"fetch@resource://services-settings/Utils.sys.mjs:219:12\nfetchLatestChanges@resource://services-settings/Utils.sys.mjs:429:34\nsync@resource://services-settings/RemoteSettingsClient.sys.mjs:630:42\nget/this._importingPromise<@resource://services-settings/RemoteSettingsClient.sys.mjs:482:28\n","nativeSavedFrame":{}},"formattedStack":"fetch/<@resource://services-settings/Utils.sys.mjs:268:15\nfetch@resource://services-settings/Utils.sys.mjs:219:12\nfetchLatestChanges@resource://services-settings/Utils.sys.mjs:429:34\nsync@resource://services-settings/RemoteSettingsClient.sys.mjs:630:42\nget/this._importingPromise<@resource://services-settings/RemoteSettingsClient.sys.mjs:482:28\n","nativeSavedFrame":{}},"formattedStack":"open@resource://gre/modules/ServiceRequest.sys.mjs:126:11\nfetch/<@resource://services-settings/Utils.sys.mjs:268:15\nfetch@resource://services-settings/Utils.sys.mjs:219:12\nfetchLatestChanges@resource://services-settings/Utils.sys.mjs:429:34\nsync@resource://services-settings/RemoteSettingsClient.sys.mjs:630:42\nget/this._importingPromise<@resource://services-settings/RemoteSettingsClient.sys.mjs:482:28\n","nativeSavedFrame":{}}
    - message = 
    - name = 
    - result = 2152071198
    - stack = open@resource://gre/modules/ServiceRequest.sys.mjs:126:11|fetch/<@resource://services-settings/Utils.sys.mjs:268:15|fetch@resource://services-settings/Utils.sys.mjs:219:12|fetchLatestChanges@resource://services-settings/Utils.sys.mjs:429:34|sync@resource://services-settings/RemoteSettingsClient.sys.mjs:630:42|get/this._importingPromise<@resource://services-settings/RemoteSettingsClient.sys.mjs:482:28|
  - prototype Object
console.error: services.settings: 
Object
  - prototype Object
    - columnNumber = 0
    - data = null
    - filename = resource://gre/modules/ServiceRequest.sys.mjs
    - lineNumber = 126
    - location = {"name":"open","filename":"resource://gre/modules/ServiceRequest.sys.mjs","sourceId":25,"lineNumber":126,"columnNumber":11,"asyncCause":null,"asyncCaller":null,"caller":{"filename":"resource://services-settings/Utils.sys.mjs","name":"fetch/<","sourceId":24,"lineNumber":268,"columnNumber":15,"asyncCause":null,"asyncCaller":null,"caller":{"filename":"resource://services-settings/Utils.sys.mjs","name":"fetch","sourceId":24,"lineNumber":219,"columnNumber":12,"asyncCause":null,"asyncCaller":null,"caller":{"filename":"resource://services-settings/Utils.sys.mjs","name":"fetchLatestChanges","sourceId":24,"lineNumber":429,"columnNumber":34,"asyncCause":null,"asyncCaller":null,"caller":{"filename":"resource://services-settings/RemoteSettingsClient.sys.mjs","name":"sync","sourceId":22,"lineNumber":630,"columnNumber":42,"asyncCause":null,"asyncCaller":null,"caller":{"filename":"resource://services-settings/RemoteSettingsClient.sys.mjs","name":"get/this._importingPromise<","sourceId":22,"lineNumber":482,"columnNumber":28,"asyncCause":null,"asyncCaller":null,"caller":null,"formattedStack":"get/this._importingPromise<@resource://services-settings/RemoteSettingsClient.sys.mjs:482:28\n","nativeSavedFrame":{}},"formattedStack":"sync@resource://services-settings/RemoteSettingsClient.sys.mjs:630:42\nget/this._importingPromise<@resource://services-settings/RemoteSettingsClient.sys.mjs:482:28\n","nativeSavedFrame":{}},"formattedStack":"fetchLatestChanges@resource://services-settings/Utils.sys.mjs:429:34\nsync@resource://services-settings/RemoteSettingsClient.sys.mjs:630:42\nget/this._importingPromise<@resource://services-settings/RemoteSettingsClient.sys.mjs:482:28\n","nativeSavedFrame":{}},"formattedStack":"fetch@resource://services-settings/Utils.sys.mjs:219:12\nfetchLatestChanges@resource://services-settings/Utils.sys.mjs:429:34\nsync@resource://services-settings/RemoteSettingsClient.sys.mjs:630:42\nget/this._importingPromise<@resource://services-settings/RemoteSettingsClient.sys.mjs:482:28\n","nativeSavedFrame":{}},"formattedStack":"fetch/<@resource://services-settings/Utils.sys.mjs:268:15\nfetch@resource://services-settings/Utils.sys.mjs:219:12\nfetchLatestChanges@resource://services-settings/Utils.sys.mjs:429:34\nsync@resource://services-settings/RemoteSettingsClient.sys.mjs:630:42\nget/this._importingPromise<@resource://services-settings/RemoteSettingsClient.sys.mjs:482:28\n","nativeSavedFrame":{}},"formattedStack":"open@resource://gre/modules/ServiceRequest.sys.mjs:126:11\nfetch/<@resource://services-settings/Utils.sys.mjs:268:15\nfetch@resource://services-settings/Utils.sys.mjs:219:12\nfetchLatestChanges@resource://services-settings/Utils.sys.mjs:429:34\nsync@resource://services-settings/RemoteSettingsClient.sys.mjs:630:42\nget/this._importingPromise<@resource://services-settings/RemoteSettingsClient.sys.mjs:482:28\n","nativeSavedFrame":{}}
    - message = 
    - name = 
    - result = 2152071198
    - stack = open@resource://gre/modules/ServiceRequest.sys.mjs:126:11|fetch/<@resource://services-settings/Utils.sys.mjs:268:15|fetch@resource://services-settings/Utils.sys.mjs:219:12|fetchLatestChanges@resource://services-settings/Utils.sys.mjs:429:34|sync@resource://services-settings/RemoteSettingsClient.sys.mjs:630:42|get/this._importingPromise<@resource://services-settings/RemoteSettingsClient.sys.mjs:482:28|
  - prototype Object
console.error: services.settings: 
Object
  - prototype Object
    - columnNumber = 0
    - data = null
    - filename = resource://gre/modules/ServiceRequest.sys.mjs
    - lineNumber = 126
    - location = {"name":"open","filename":"resource://gre/modules/ServiceRequest.sys.mjs","sourceId":25,"lineNumber":126,"columnNumber":11,"asyncCause":null,"asyncCaller":null,"caller":{"filename":"resource://services-settings/Utils.sys.mjs","name":"fetch/<","sourceId":24,"lineNumber":268,"columnNumber":15,"asyncCause":null,"asyncCaller":null,"caller":{"filename":"resource://services-settings/Utils.sys.mjs","name":"fetch","sourceId":24,"lineNumber":219,"columnNumber":12,"asyncCause":null,"asyncCaller":null,"caller":{"filename":"resource://services-settings/Utils.sys.mjs","name":"fetchLatestChanges","sourceId":24,"lineNumber":429,"columnNumber":34,"asyncCause":null,"asyncCaller":null,"caller":{"filename":"resource://services-settings/RemoteSettingsClient.sys.mjs","name":"sync","sourceId":22,"lineNumber":630,"columnNumber":42,"asyncCause":null,"asyncCaller":null,"caller":{"filename":"resource://services-settings/RemoteSettingsClient.sys.mjs","name":"get/this._importingPromise<","sourceId":22,"lineNumber":482,"columnNumber":28,"asyncCause":null,"asyncCaller":null,"caller":null,"formattedStack":"get/this._importingPromise<@resource://services-settings/RemoteSettingsClient.sys.mjs:482:28\n","nativeSavedFrame":{}},"formattedStack":"sync@resource://services-settings/RemoteSettingsClient.sys.mjs:630:42\nget/this._importingPromise<@resource://services-settings/RemoteSettingsClient.sys.mjs:482:28\n","nativeSavedFrame":{}},"formattedStack":"fetchLatestChanges@resource://services-settings/Utils.sys.mjs:429:34\nsync@resource://services-settings/RemoteSettingsClient.sys.mjs:630:42\nget/this._importingPromise<@resource://services-settings/RemoteSettingsClient.sys.mjs:482:28\n","nativeSavedFrame":{}},"formattedStack":"fetch@resource://services-settings/Utils.sys.mjs:219:12\nfetchLatestChanges@resource://services-settings/Utils.sys.mjs:429:34\nsync@resource://services-settings/RemoteSettingsClient.sys.mjs:630:42\nget/this._importingPromise<@resource://services-settings/RemoteSettingsClient.sys.mjs:482:28\n","nativeSavedFrame":{}},"formattedStack":"fetch/<@resource://services-settings/Utils.sys.mjs:268:15\nfetch@resource://services-settings/Utils.sys.mjs:219:12\nfetchLatestChanges@resource://services-settings/Utils.sys.mjs:429:34\nsync@resource://services-settings/RemoteSettingsClient.sys.mjs:630:42\nget/this._importingPromise<@resource://services-settings/RemoteSettingsClient.sys.mjs:482:28\n","nativeSavedFrame":{}},"formattedStack":"open@resource://gre/modules/ServiceRequest.sys.mjs:126:11\nfetch/<@resource://services-settings/Utils.sys.mjs:268:15\nfetch@resource://services-settings/Utils.sys.mjs:219:12\nfetchLatestChanges@resource://services-settings/Utils.sys.mjs:429:34\nsync@resource://services-settings/RemoteSettingsClient.sys.mjs:630:42\nget/this._importingPromise<@resource://services-settings/RemoteSettingsClient.sys.mjs:482:28\n","nativeSavedFrame":{}}
    - message = 
    - name = 
    - result = 2152071198
    - stack = open@resource://gre/modules/ServiceRequest.sys.mjs:126:11|fetch/<@resource://services-settings/Utils.sys.mjs:268:15|fetch@resource://services-settings/Utils.sys.mjs:219:12|fetchLatestChanges@resource://services-settings/Utils.sys.mjs:429:34|sync@resource://services-settings/RemoteSettingsClient.sys.mjs:630:42|get/this._importingPromise<@resource://services-settings/RemoteSettingsClient.sys.mjs:482:28|
  - prototype Object
console.error: services.settings: 
Object
  - prototype Object
    - columnNumber = 0
    - data = null
    - filename = resource://gre/modules/ServiceRequest.sys.mjs
    - lineNumber = 126
    - location = {"name":"open","filename":"resource://gre/modules/ServiceRequest.sys.mjs","sourceId":25,"lineNumber":126,"columnNumber":11,"asyncCause":null,"asyncCaller":null,"caller":{"filename":"resource://services-settings/Utils.sys.mjs","name":"fetch/<","sourceId":24,"lineNumber":268,"columnNumber":15,"asyncCause":null,"asyncCaller":null,"caller":{"filename":"resource://services-settings/Utils.sys.mjs","name":"fetch","sourceId":24,"lineNumber":219,"columnNumber":12,"asyncCause":null,"asyncCaller":null,"caller":{"filename":"resource://services-settings/Utils.sys.mjs","name":"fetchLatestChanges","sourceId":24,"lineNumber":429,"columnNumber":34,"asyncCause":null,"asyncCaller":null,"caller":{"filename":"resource://services-settings/RemoteSettingsClient.sys.mjs","name":"sync","sourceId":22,"lineNumber":630,"columnNumber":42,"asyncCause":null,"asyncCaller":null,"caller":{"filename":"resource://services-settings/RemoteSettingsClient.sys.mjs","name":"get/this._importingPromise<","sourceId":22,"lineNumber":482,"columnNumber":28,"asyncCause":null,"asyncCaller":null,"caller":null,"formattedStack":"get/this._importingPromise<@resource://services-settings/RemoteSettingsClient.sys.mjs:482:28\n","nativeSavedFrame":{}},"formattedStack":"sync@resource://services-settings/RemoteSettingsClient.sys.mjs:630:42\nget/this._importingPromise<@resource://services-settings/RemoteSettingsClient.sys.mjs:482:28\n","nativeSavedFrame":{}},"formattedStack":"fetchLatestChanges@resource://services-settings/Utils.sys.mjs:429:34\nsync@resource://services-settings/RemoteSettingsClient.sys.mjs:630:42\nget/this._importingPromise<@resource://services-settings/RemoteSettingsClient.sys.mjs:482:28\n","nativeSavedFrame":{}},"formattedStack":"fetch@resource://services-settings/Utils.sys.mjs:219:12\nfetchLatestChanges@resource://services-settings/Utils.sys.mjs:429:34\nsync@resource://services-settings/RemoteSettingsClient.sys.mjs:630:42\nget/this._importingPromise<@resource://services-settings/RemoteSettingsClient.sys.mjs:482:28\n","nativeSavedFrame":{}},"formattedStack":"fetch/<@resource://services-settings/Utils.sys.mjs:268:15\nfetch@resource://services-settings/Utils.sys.mjs:219:12\nfetchLatestChanges@resource://services-settings/Utils.sys.mjs:429:34\nsync@resource://services-settings/RemoteSettingsClient.sys.mjs:630:42\nget/this._importingPromise<@resource://services-settings/RemoteSettingsClient.sys.mjs:482:28\n","nativeSavedFrame":{}},"formattedStack":"open@resource://gre/modules/ServiceRequest.sys.mjs:126:11\nfetch/<@resource://services-settings/Utils.sys.mjs:268:15\nfetch@resource://services-settings/Utils.sys.mjs:219:12\nfetchLatestChanges@resource://services-settings/Utils.sys.mjs:429:34\nsync@resource://services-settings/RemoteSettingsClient.sys.mjs:630:42\nget/this._importingPromise<@resource://services-settings/RemoteSettingsClient.sys.mjs:482:28\n","nativeSavedFrame":{}}
    - message = 
    - name = 
    - result = 2152071198
    - stack = open@resource://gre/modules/ServiceRequest.sys.mjs:126:11|fetch/<@resource://services-settings/Utils.sys.mjs:268:15|fetch@resource://services-settings/Utils.sys.mjs:219:12|fetchLatestChanges@resource://services-settings/Utils.sys.mjs:429:34|sync@resource://services-settings/RemoteSettingsClient.sys.mjs:630:42|get/this._importingPromise<@resource://services-settings/RemoteSettingsClient.sys.mjs:482:28|
  - prototype Object
console.error: services.settings: 
Object
  - prototype Object
    - columnNumber = 0
    - data = null
    - filename = resource://gre/modules/ServiceRequest.sys.mjs
    - lineNumber = 126
    - location = {"name":"open","filename":"resource://gre/modules/ServiceRequest.sys.mjs","sourceId":25,"lineNumber":126,"columnNumber":11,"asyncCause":null,"asyncCaller":null,"caller":{"filename":"resource://services-settings/Utils.sys.mjs","name":"fetch/<","sourceId":24,"lineNumber":268,"columnNumber":15,"asyncCause":null,"asyncCaller":null,"caller":{"filename":"resource://services-settings/Utils.sys.mjs","name":"fetch","sourceId":24,"lineNumber":219,"columnNumber":12,"asyncCause":null,"asyncCaller":null,"caller":{"filename":"resource://services-settings/Utils.sys.mjs","name":"fetchLatestChanges","sourceId":24,"lineNumber":429,"columnNumber":34,"asyncCause":null,"asyncCaller":null,"caller":{"filename":"resource://services-settings/RemoteSettingsClient.sys.mjs","name":"sync","sourceId":22,"lineNumber":630,"columnNumber":42,"asyncCause":null,"asyncCaller":null,"caller":{"filename":"resource://services-settings/RemoteSettingsClient.sys.mjs","name":"get/this._importingPromise<","sourceId":22,"lineNumber":482,"columnNumber":28,"asyncCause":null,"asyncCaller":null,"caller":null,"formattedStack":"get/this._importingPromise<@resource://services-settings/RemoteSettingsClient.sys.mjs:482:28\n","nativeSavedFrame":{}},"formattedStack":"sync@resource://services-settings/RemoteSettingsClient.sys.mjs:630:42\nget/this._importingPromise<@resource://services-settings/RemoteSettingsClient.sys.mjs:482:28\n","nativeSavedFrame":{}},"formattedStack":"fetchLatestChanges@resource://services-settings/Utils.sys.mjs:429:34\nsync@resource://services-settings/RemoteSettingsClient.sys.mjs:630:42\nget/this._importingPromise<@resource://services-settings/RemoteSettingsClient.sys.mjs:482:28\n","nativeSavedFrame":{}},"formattedStack":"fetch@resource://services-settings/Utils.sys.mjs:219:12\nfetchLatestChanges@resource://services-settings/Utils.sys.mjs:429:34\nsync@resource://services-settings/RemoteSettingsClient.sys.mjs:630:42\nget/this._importingPromise<@resource://services-settings/RemoteSettingsClient.sys.mjs:482:28\n","nativeSavedFrame":{}},"formattedStack":"fetch/<@resource://services-settings/Utils.sys.mjs:268:15\nfetch@resource://services-settings/Utils.sys.mjs:219:12\nfetchLatestChanges@resource://services-settings/Utils.sys.mjs:429:34\nsync@resource://services-settings/RemoteSettingsClient.sys.mjs:630:42\nget/this._importingPromise<@resource://services-settings/RemoteSettingsClient.sys.mjs:482:28\n","nativeSavedFrame":{}},"formattedStack":"open@resource://gre/modules/ServiceRequest.sys.mjs:126:11\nfetch/<@resource://services-settings/Utils.sys.mjs:268:15\nfetch@resource://services-settings/Utils.sys.mjs:219:12\nfetchLatestChanges@resource://services-settings/Utils.sys.mjs:429:34\nsync@resource://services-settings/RemoteSettingsClient.sys.mjs:630:42\nget/this._importingPromise<@resource://services-settings/RemoteSettingsClient.sys.mjs:482:28\n","nativeSavedFrame":{}}
    - message = 
    - name = 
    - result = 2152071198
    - stack = open@resource://gre/modules/ServiceRequest.sys.mjs:126:11|fetch/<@resource://services-settings/Utils.sys.mjs:268:15|fetch@resource://services-settings/Utils.sys.mjs:219:12|fetchLatestChanges@resource://services-settings/Utils.sys.mjs:429:34|sync@resource://services-settings/RemoteSettingsClient.sys.mjs:630:42|get/this._importingPromise<@resource://services-settings/RemoteSettingsClient.sys.mjs:482:28|
  - prototype Object
console.error: services.settings: 
Object
  - prototype Object
    - columnNumber = 0
    - data = null
    - filename = resource://gre/modules/ServiceRequest.sys.mjs
    - lineNumber = 126
    - location = {"name":"open","filename":"resource://gre/modules/ServiceRequest.sys.mjs","sourceId":25,"lineNumber":126,"columnNumber":11,"asyncCause":null,"asyncCaller":null,"caller":{"filename":"resource://services-settings/Utils.sys.mjs","name":"fetch/<","sourceId":24,"lineNumber":268,"columnNumber":15,"asyncCause":null,"asyncCaller":null,"caller":{"filename":"resource://services-settings/Utils.sys.mjs","name":"fetch","sourceId":24,"lineNumber":219,"columnNumber":12,"asyncCause":null,"asyncCaller":null,"caller":{"filename":"resource://services-settings/Utils.sys.mjs","name":"fetchLatestChanges","sourceId":24,"lineNumber":429,"columnNumber":34,"asyncCause":null,"asyncCaller":null,"caller":{"filename":"resource://services-settings/RemoteSettingsClient.sys.mjs","name":"sync","sourceId":22,"lineNumber":630,"columnNumber":42,"asyncCause":null,"asyncCaller":null,"caller":{"filename":"resource://services-settings/RemoteSettingsClient.sys.mjs","name":"get/this._importingPromise<","sourceId":22,"lineNumber":482,"columnNumber":28,"asyncCause":null,"asyncCaller":null,"caller":null,"formattedStack":"get/this._importingPromise<@resource://services-settings/RemoteSettingsClient.sys.mjs:482:28\n","nativeSavedFrame":{}},"formattedStack":"sync@resource://services-settings/RemoteSettingsClient.sys.mjs:630:42\nget/this._importingPromise<@resource://services-settings/RemoteSettingsClient.sys.mjs:482:28\n","nativeSavedFrame":{}},"formattedStack":"fetchLatestChanges@resource://services-settings/Utils.sys.mjs:429:34\nsync@resource://services-settings/RemoteSettingsClient.sys.mjs:630:42\nget/this._importingPromise<@resource://services-settings/RemoteSettingsClient.sys.mjs:482:28\n","nativeSavedFrame":{}},"formattedStack":"fetch@resource://services-settings/Utils.sys.mjs:219:12\nfetchLatestChanges@resource://services-settings/Utils.sys.mjs:429:34\nsync@resource://services-settings/RemoteSettingsClient.sys.mjs:630:42\nget/this._importingPromise<@resource://services-settings/RemoteSettingsClient.sys.mjs:482:28\n","nativeSavedFrame":{}},"formattedStack":"fetch/<@resource://services-settings/Utils.sys.mjs:268:15\nfetch@resource://services-settings/Utils.sys.mjs:219:12\nfetchLatestChanges@resource://services-settings/Utils.sys.mjs:429:34\nsync@resource://services-settings/RemoteSettingsClient.sys.mjs:630:42\nget/this._importingPromise<@resource://services-settings/RemoteSettingsClient.sys.mjs:482:28\n","nativeSavedFrame":{}},"formattedStack":"open@resource://gre/modules/ServiceRequest.sys.mjs:126:11\nfetch/<@resource://services-settings/Utils.sys.mjs:268:15\nfetch@resource://services-settings/Utils.sys.mjs:219:12\nfetchLatestChanges@resource://services-settings/Utils.sys.mjs:429:34\nsync@resource://services-settings/RemoteSettingsClient.sys.mjs:630:42\nget/this._importingPromise<@resource://services-settings/RemoteSettingsClient.sys.mjs:482:28\n","nativeSavedFrame":{}}
    - message = 
    - name = 
    - result = 2152071198
    - stack = open@resource://gre/modules/ServiceRequest.sys.mjs:126:11|fetch/<@resource://services-settings/Utils.sys.mjs:268:15|fetch@resource://services-settings/Utils.sys.mjs:219:12|fetchLatestChanges@resource://services-settings/Utils.sys.mjs:429:34|sync@resource://services-settings/RemoteSettingsClient.sys.mjs:630:42|get/this._importingPromise<@resource://services-settings/RemoteSettingsClient.sys.mjs:482:28|
  - prototype Object
console.error: services.settings: 
Object
  - prototype Object
    - columnNumber = 0
    - data = null
    - filename = resource://gre/modules/ServiceRequest.sys.mjs
    - lineNumber = 126
    - location = {"name":"open","filename":"resource://gre/modules/ServiceRequest.sys.mjs","sourceId":25,"lineNumber":126,"columnNumber":11,"asyncCause":null,"asyncCaller":null,"caller":{"filename":"resource://services-settings/Utils.sys.mjs","name":"fetch/<","sourceId":24,"lineNumber":268,"columnNumber":15,"asyncCause":null,"asyncCaller":null,"caller":{"filename":"resource://services-settings/Utils.sys.mjs","name":"fetch","sourceId":24,"lineNumber":219,"columnNumber":12,"asyncCause":null,"asyncCaller":null,"caller":{"filename":"resource://services-settings/Utils.sys.mjs","name":"fetchLatestChanges","sourceId":24,"lineNumber":429,"columnNumber":34,"asyncCause":null,"asyncCaller":null,"caller":{"filename":"resource://services-settings/RemoteSettingsClient.sys.mjs","name":"sync","sourceId":22,"lineNumber":630,"columnNumber":42,"asyncCause":null,"asyncCaller":null,"caller":{"filename":"resource://services-settings/RemoteSettingsClient.sys.mjs","name":"get/this._importingPromise<","sourceId":22,"lineNumber":482,"columnNumber":28,"asyncCause":null,"asyncCaller":null,"caller":null,"formattedStack":"get/this._importingPromise<@resource://services-settings/RemoteSettingsClient.sys.mjs:482:28\n","nativeSavedFrame":{}},"formattedStack":"sync@resource://services-settings/RemoteSettingsClient.sys.mjs:630:42\nget/this._importingPromise<@resource://services-settings/RemoteSettingsClient.sys.mjs:482:28\n","nativeSavedFrame":{}},"formattedStack":"fetchLatestChanges@resource://services-settings/Utils.sys.mjs:429:34\nsync@resource://services-settings/RemoteSettingsClient.sys.mjs:630:42\nget/this._importingPromise<@resource://services-settings/RemoteSettingsClient.sys.mjs:482:28\n","nativeSavedFrame":{}},"formattedStack":"fetch@resource://services-settings/Utils.sys.mjs:219:12\nfetchLatestChanges@resource://services-settings/Utils.sys.mjs:429:34\nsync@resource://services-settings/RemoteSettingsClient.sys.mjs:630:42\nget/this._importingPromise<@resource://services-settings/RemoteSettingsClient.sys.mjs:482:28\n","nativeSavedFrame":{}},"formattedStack":"fetch/<@resource://services-settings/Utils.sys.mjs:268:15\nfetch@resource://services-settings/Utils.sys.mjs:219:12\nfetchLatestChanges@resource://services-settings/Utils.sys.mjs:429:34\nsync@resource://services-settings/RemoteSettingsClient.sys.mjs:630:42\nget/this._importingPromise<@resource://services-settings/RemoteSettingsClient.sys.mjs:482:28\n","nativeSavedFrame":{}},"formattedStack":"open@resource://gre/modules/ServiceRequest.sys.mjs:126:11\nfetch/<@resource://services-settings/Utils.sys.mjs:268:15\nfetch@resource://services-settings/Utils.sys.mjs:219:12\nfetchLatestChanges@resource://services-settings/Utils.sys.mjs:429:34\nsync@resource://services-settings/RemoteSettingsClient.sys.mjs:630:42\nget/this._importingPromise<@resource://services-settings/RemoteSettingsClient.sys.mjs:482:28\n","nativeSavedFrame":{}}
    - message = 
    - name = 
    - result = 2152071198
    - stack = open@resource://gre/modules/ServiceRequest.sys.mjs:126:11|fetch/<@resource://services-settings/Utils.sys.mjs:268:15|fetch@resource://services-settings/Utils.sys.mjs:219:12|fetchLatestChanges@resource://services-settings/Utils.sys.mjs:429:34|sync@resource://services-settings/RemoteSettingsClient.sys.mjs:630:42|get/this._importingPromise<@resource://services-settings/RemoteSettingsClient.sys.mjs:482:28|
  - prototype Object
console.error: SQLite JSM (Connection b4782264.sqlite#0): (new Error("Connection closed before committing the transaction.", "resource://gre/modules/Sqlite.sys.mjs", 888))
console.error: NimbusMigrations: 
  applyMigrations: error running migration 1 (import-enrollments-to-sql): Error: Connection closed before committing the transaction.
1780595161259	geckodriver	INFO	Listening on 127.0.0.1:43625
1780595161295	mozrunner::runner	INFO	Running command: MOZ_CRASHREPORTER="1" MOZ_CRASHREPORTER_NO_REPORT="1" MOZ_CRASHREPORTER_SHUTDOWN="1" "/usr/bin/firefox" "--m ... 80" "--remote-debugging-port" "35237" "--remote-allow-hosts" "localhost" "-no-remote" "-profile" "/tmp/rust_mozprofileE8SSKw"
*** You are running in headless mode.
console.warn: services.settings: Ignoring preference override of remote settings server
console.warn: services.settings: Allow by setting MOZ_REMOTE_SETTINGS_DEVTOOLS=1 in the environment
[GFX1-]: glxtest: Unable to open a connection to the X server
[GFX1-]: No GPUs detected via PCI

1780595161712	Marionette	INFO	Marionette enabled
console.error: "Warning: unrecognized command line flag" "-width"
console.error: "Warning: unrecognized command line flag" "-height"
1780595162201	Marionette	INFO	Listening on port 45703
WebDriver BiDi listening on ws://127.0.0.1:35237
Read port: 45703
1780595162424	RemoteAgent	WARN	TLS certificate errors will be ignored for this session
[GFX1-]: RenderCompositorSWGL failed mapping default framebuffer, no dt
console.warn: RSLoader: Recipe new-tab-151220260328211913-to-beta-150 not returned from collection nimbus-secure-experiments because it contains feature newtabTrainhopAddon, which is disallowed for that collection.
console.warn: RSLoader: Recipe new-tab-151220260328211913-to-release-only-149 not returned from collection nimbus-secure-experiments because it contains feature newtabTrainhopAddon, which is disallowed for that collection.
console.warn: RSLoader: Recipe new-tab-151320260419192959-to-release-only-150 not returned from collection nimbus-secure-experiments because it contains feature newtabTrainhopAddon, which is disallowed for that collection.
console.warn: RSLoader: Recipe new-tab-15202026050433143-to-release-only-150 not returned from collection nimbus-secure-experiments because it contains feature newtabTrainhopAddon, which is disallowed for that collection.
console.warn: RSLoader: Recipe new-tab-153020260521220634-to-release-151 not returned from collection nimbus-secure-experiments because it contains feature newtabTrainhopAddon, which is disallowed for that collection.
console.warn: RSLoader: Recipe new-tab-153120260528133333-to-release-151 not returned from collection nimbus-secure-experiments because it contains feature newtabTrainhopAddon, which is disallowed for that collection.
1780595197157	Marionette	INFO	Stopped listening on port 33355
console.error: "Failed to fetch https://ads.mozilla.org/v1/delete_user:" "NetworkError when attempting to fetch resource."
console.warn: TopSitesFeed: Failed to fetch data from MARS server: NetworkError when attempting to fetch resource.
console.error: services.settings: 
  Message: AbortError: IndexedDB: main/newtab-wallpapers-v2 getLastModified() IndexedDB:  execute() A request was aborted, for example through a call to IDBTransaction.abort.
console.error: (new AbortError("IndexedDB: main/cookie-banner-rules-list list() IndexedDB:  execute() A request was aborted, for example through a call to IDBTransaction.abort.", "resource://services-settings/IDBHelpers.sys.mjs", 16))
console.error: services.settings: 
Object
  - prototype Object
    - columnNumber = 0
    - data = null
    - filename = resource://gre/modules/ServiceRequest.sys.mjs
    - lineNumber = 126
    - location = {"name":"open","filename":"resource://gre/modules/ServiceRequest.sys.mjs","sourceId":25,"lineNumber":126,"columnNumber":11,"asyncCause":null,"asyncCaller":null,"caller":{"filename":"resource://services-settings/Utils.sys.mjs","name":"fetch/<","sourceId":24,"lineNumber":268,"columnNumber":15,"asyncCause":null,"asyncCaller":null,"caller":{"filename":"resource://services-settings/Utils.sys.mjs","name":"fetch","sourceId":24,"lineNumber":219,"columnNumber":12,"asyncCause":null,"asyncCaller":null,"caller":{"filename":"resource://services-common/kinto-http-client.sys.mjs","name":"timedFetch/<","sourceId":671,"lineNumber":569,"columnNumber":12,"asyncCause":null,"asyncCaller":null,"caller":{"filename":"resource://services-common/kinto-http-client.sys.mjs","name":"timedFetch","sourceId":671,"lineNumber":544,"columnNumber":12,"asyncCause":null,"asyncCaller":null,"caller":{"filename":"resource://services-common/kinto-http-client.sys.mjs","name":"request","sourceId":671,"lineNumber":634,"columnNumber":33,"asyncCause":null,"asyncCaller":null,"caller":{"filename":"resource://services-common/kinto-http-client.sys.mjs","name":"execute","sourceId":671,"lineNumber":2643,"columnNumber":36,"asyncCause":null,"asyncCaller":null,"caller":{"filename":"resource://services-settings/RemoteSettingsClient.sys.mjs","name":"_fetchChangeset","sourceId":22,"lineNumber":1227,"columnNumber":22,"asyncCause":null,"asyncCaller":null,"caller":{"filename":"resource://services-settings/RemoteSettingsClient.sys.mjs","name":"_importChanges","sourceId":22,"lineNumber":1089,"columnNumber":18,"asyncCause":null,"asyncCaller":null,"caller":{"filename":"resource://services-settings/RemoteSettingsClient.sys.mjs","name":"maybeSync","sourceId":22,"lineNumber":774,"columnNumber":35,"asyncCause":null,"asyncCaller":null,"caller":{"filename":"resource://gre/modules/AsyncShutdown.sys.mjs","name":"observe","sourceId":15,"lineNumber":569,"columnNumber":17,"asyncCause":null,"asyncCaller":null,"caller":null,"formattedStack":"observe@resource://gre/modules/AsyncShutdown.sys.mjs:569:17\n","nativeSavedFrame":{}},"formattedStack":"maybeSync@resource://services-settings/RemoteSettingsClient.sys.mjs:774:35\nobserve@resource://gre/modules/AsyncShutdown.sys.mjs:569:17\n","nativeSavedFrame":{}},"formattedStack":"_importChanges@resource://services-settings/RemoteSettingsClient.sys.mjs:1089:18\nmaybeSync@resource://services-settings/RemoteSettingsClient.sys.mjs:774:35\nobserve@resource://gre/modules/AsyncShutdown.sys.mjs:569:17\n","nativeSavedFrame":{}},"formattedStack":"_fetchChangeset@resource://services-settings/RemoteSettingsClient.sys.mjs:1227:22\n_importChanges@resource://services-settings/RemoteSettingsClient.sys.mjs:1089:18\nmaybeSync@resource://services-settings/RemoteSettingsClient.sys.mjs:774:35\nobserve@resource://gre/modules/AsyncShutdown.sys.mjs:569:17\n","nativeSavedFrame":{}},"formattedStack":"execute@resource://services-common/kinto-http-client.sys.mjs:2643:36\n_fetchChangeset@resource://services-settings/RemoteSettingsClient.sys.mjs:1227:22\n_importChanges@resource://services-settings/RemoteSettingsClient.sys.mjs:1089:18\nmaybeSync@resource://services-settings/RemoteSettingsClient.sys.mjs:774:35\nobserve@resource://gre/modules/AsyncShutdown.sys.mjs:569:17\n","nativeSavedFrame":{}},"formattedStack":"request@resource://services-common/kinto-http-client.sys.mjs:634:33\nexecute@resource://services-common/kinto-http-client.sys.mjs:2643:36\n_fetchChangeset@resource://services-settings/RemoteSettingsClient.sys.mjs:1227:22\n_importChanges@resource://services-settings/RemoteSettingsClient.sys.mjs:1089:18\nmaybeSync@resource://services-settings/RemoteSettingsClient.sys.mjs:774:35\nobserve@resource://gre/modules/AsyncShutdown.sys.mjs:569:17\n","nativeSavedFrame":{}},"formattedStack":"timedFetch@resource://services-common/kinto-http-client.sys.mjs:544:12\nrequest@resource://services-common/kinto-http-client.sys.mjs:634:33\nexecute@resource://services-common/kinto-http-client.sys.mjs:2643:36\n_fetchChangeset@resource://services-settings/RemoteSettingsClient.sys.mjs:1227:22\n_importChanges@resource://services-settings/RemoteSettingsClient.sys.mjs:1089:18\nmaybeSync@resource://services-settings/RemoteSettingsClient.sys.mjs:774:35\nobserve@resource://gre/modules/AsyncShutdown.sys.mjs:569:17\n","nativeSavedFrame":{}},"formattedStack":"timedFetch/<@resource://services-common/kinto-http-client.sys.mjs:569:12\ntimedFetch@resource://services-common/kinto-http-client.sys.mjs:544:12\nrequest@resource://services-common/kinto-http-client.sys.mjs:634:33\nexecute@resource://services-common/kinto-http-client.sys.mjs:2643:36\n_fetchChangeset@resource://services-settings/RemoteSettingsClient.sys.mjs:1227:22\n_importChanges@resource://services-settings/RemoteSettingsClient.sys.mjs:1089:18\nmaybeSync@resource://services-settings/RemoteSettingsClient.sys.mjs:774:35\nobserve@resource://gre/modules/AsyncShutdown.sys.mjs:569:17\n","nativeSavedFrame":{}},"formattedStack":"fetch@resource://services-settings/Utils.sys.mjs:219:12\ntimedFetch/<@resource://services-common/kinto-http-client.sys.mjs:569:12\ntimedFetch@resource://services-common/kinto-http-client.sys.mjs:544:12\nrequest@resource://services-common/kinto-http-client.sys.mjs:634:33\nexecute@resource://services-common/kinto-http-client.sys.mjs:2643:36\n_fetchChangeset@resource://services-settings/RemoteSettingsClient.sys.mjs:1227:22\n_importChanges@resource://services-settings/RemoteSettingsClient.sys.mjs:1089:18\nmaybeSync@resource://services-settings/RemoteSettingsClient.sys.mjs:774:35\nobserve@resource://gre/modules/AsyncShutdown.sys.mjs:569:17\n","nativeSavedFrame":{}},"formattedStack":"fetch/<@resource://services-settings/Utils.sys.mjs:268:15\nfetch@resource://services-settings/Utils.sys.mjs:219:12\ntimedFetch/<@resource://services-common/kinto-http-client.sys.mjs:569:12\ntimedFetch@resource://services-common/kinto-http-client.sys.mjs:544:12\nrequest@resource://services-common/kinto-http-client.sys.mjs:634:33\nexecute@resource://services-common/kinto-http-client.sys.mjs:2643:36\n_fetchChangeset@resource://services-settings/RemoteSettingsClient.sys.mjs:1227:22\n_importChanges@resource://services-settings/RemoteSettingsClient.sys.mjs:1089:18\nmaybeSync@resource://services-settings/RemoteSettingsClient.sys.mjs:774:35\nobserve@resource://gre/modules/AsyncShutdown.sys.mjs:569:17\n","nativeSavedFrame":{}},"formattedStack":"open@resource://gre/modules/ServiceRequest.sys.mjs:126:11\nfetch/<@resource://services-settings/Utils.sys.mjs:268:15\nfetch@resource://services-settings/Utils.sys.mjs:219:12\ntimedFetch/<@resource://services-common/kinto-http-client.sys.mjs:569:12\ntimedFetch@resource://services-common/kinto-http-client.sys.mjs:544:12\nrequest@resource://services-common/kinto-http-client.sys.mjs:634:33\nexecute@resource://services-common/kinto-http-client.sys.mjs:2643:36\n_fetchChangeset@resource://services-settings/RemoteSettingsClient.sys.mjs:1227:22\n_importChanges@resource://services-settings/RemoteSettingsClient.sys.mjs:1089:18\nmaybeSync@resource://services-settings/RemoteSettingsClient.sys.mjs:774:35\nobserve@resource://gre/modules/AsyncShutdown.sys.mjs:569:17\n","nativeSavedFrame":{}}
    - message = 
    - name = 
    - result = 2152071198
    - stack = open@resource://gre/modules/ServiceRequest.sys.mjs:126:11|fetch/<@resource://services-settings/Utils.sys.mjs:268:15|fetch@resource://services-settings/Utils.sys.mjs:219:12|timedFetch/<@resource://services-common/kinto-http-client.sys.mjs:569:12|timedFetch@resource://services-common/kinto-http-client.sys.mjs:544:12|request@resource://services-common/kinto-http-client.sys.mjs:634:33|execute@resource://services-common/kinto-http-client.sys.mjs:2643:36|_fetchChangeset@resource://services-settings/RemoteSettingsClient.sys.mjs:1227:22|_importChanges@resource://services-settings/RemoteSettingsClient.sys.mjs:1089:18|maybeSync@resource://services-settings/RemoteSettingsClient.sys.mjs:774:35|observe@resource://gre/modules/AsyncShutdown.sys.mjs:569:17|
  - prototype Object
console.error: (new Error("IndexedDB: main/backup-common-passwords-list getLastModified() IndexedDB:  execute() The application is shutting down", "resource://services-settings/IDBHelpers.sys.mjs", 16))
1780595221141	geckodriver	INFO	Listening on 127.0.0.1:38269
1780595221671	mozrunner::runner	INFO	Running command: MOZ_CRASHREPORTER="1" MOZ_CRASHREPORTER_NO_REPORT="1" MOZ_CRASHREPORTER_SHUTDOWN="1" "/usr/bin/firefox" "--m ... 80" "--remote-debugging-port" "39317" "--remote-allow-hosts" "localhost" "-no-remote" "-profile" "/tmp/rust_mozprofilewoEZ8i"
*** You are running in headless mode.
console.warn: services.settings: Ignoring preference override of remote settings server
console.warn: services.settings: Allow by setting MOZ_REMOTE_SETTINGS_DEVTOOLS=1 in the environment
[GFX1-]: glxtest: Unable to open a connection to the X server
[GFX1-]: No GPUs detected via PCI

1780595222039	Marionette	INFO	Marionette enabled
console.error: "Warning: unrecognized command line flag" "-width"
console.error: "Warning: unrecognized command line flag" "-height"
1780595222595	Marionette	INFO	Listening on port 41699
WebDriver BiDi listening on ws://127.0.0.1:39317
Read port: 41699
1780595222803	RemoteAgent	WARN	TLS certificate errors will be ignored for this session
[GFX1-]: RenderCompositorSWGL failed mapping default framebuffer, no dt
console.error: (new TypeError("can't access property \"get\", linkMap is undefined", "resource://gre/modules/NewTabUtils.sys.mjs", 2011))
console.warn: RSLoader: Recipe new-tab-151220260328211913-to-beta-150 not returned from collection nimbus-secure-experiments because it contains feature newtabTrainhopAddon, which is disallowed for that collection.
console.warn: RSLoader: Recipe new-tab-151220260328211913-to-release-only-149 not returned from collection nimbus-secure-experiments because it contains feature newtabTrainhopAddon, which is disallowed for that collection.
console.warn: RSLoader: Recipe new-tab-151320260419192959-to-release-only-150 not returned from collection nimbus-secure-experiments because it contains feature newtabTrainhopAddon, which is disallowed for that collection.
console.warn: RSLoader: Recipe new-tab-15202026050433143-to-release-only-150 not returned from collection nimbus-secure-experiments because it contains feature newtabTrainhopAddon, which is disallowed for that collection.
console.warn: RSLoader: Recipe new-tab-153020260521220634-to-release-151 not returned from collection nimbus-secure-experiments because it contains feature newtabTrainhopAddon, which is disallowed for that collection.
console.warn: RSLoader: Recipe new-tab-153120260528133333-to-release-151 not returned from collection nimbus-secure-experiments because it contains feature newtabTrainhopAddon, which is disallowed for that collection.
JavaScript warning: https://js.hs-analytics.net/analytics/1657633500000/7171354.js, line 141: Failed to create WebGL context: WebGL creation failed: 
* WebglAllowWindowsNativeGl:false restricts context creation on this system. ()
* Exhausted GL driver options. (FEATURE_FAILURE_WEBGL_EXHAUSTED_DRIVERS)
JavaScript warning: https://js.hs-analytics.net/analytics/1657633500000/7171354.js, line 141: Failed to create WebGL context: WebGL creation failed: 
* WebglAllowWindowsNativeGl:false restricts context creation on this system. ()
* Exhausted GL driver options. (FEATURE_FAILURE_WEBGL_EXHAUSTED_DRIVERS)
JavaScript warning: https://js.hs-analytics.net/analytics/1657633500000/7171354.js, line 141: Failed to create WebGL context: WebGL creation failed: 
* WebglAllowWindowsNativeGl:false restricts context creation on this system. ()
* Exhausted GL driver options. (FEATURE_FAILURE_WEBGL_EXHAUSTED_DRIVERS)
JavaScript warning: https://js.hs-analytics.net/analytics/1657633500000/7171354.js, line 141: Failed to create WebGL context: WebGL creation failed: 
* WebglAllowWindowsNativeGl:false restricts context creation on this system. ()
* Exhausted GL driver options. (FEATURE_FAILURE_WEBGL_EXHAUSTED_DRIVERS)
JavaScript error: https://static.hsappstatic.net/feedback-web-renderer-ui/static-1.30191/bundles/fetcher.js, line 1: SecurityError: The operation is insecure.
JavaScript error: https://www.googletagmanager.com/gtm.js?id=GTM-KV72QQ5, line 252: uncaught exception: [object Object]
JavaScript error: https://statusinvest.com.br/js/components/externo/a_x_d_x_s.min.js?v=2.4.27.ABCDEG, line 1: ReferenceError: hbspt is not defined
JavaScript error: https://static.hsappstatic.net/feedback-web-renderer-ui/static-1.30191/bundles/fetcher.js, line 1: SecurityError: The operation is insecure.
1780595282948	geckodriver	INFO	Listening on 127.0.0.1:55393
1780595283488	mozrunner::runner	INFO	Running command: MOZ_CRASHREPORTER="1" MOZ_CRASHREPORTER_NO_REPORT="1" MOZ_CRASHREPORTER_SHUTDOWN="1" "/usr/bin/firefox" "--m ... 80" "--remote-debugging-port" "56263" "--remote-allow-hosts" "localhost" "-no-remote" "-profile" "/tmp/rust_mozprofileMZnUQP"
*** You are running in headless mode.
console.warn: services.settings: Ignoring preference override of remote settings server
console.warn: services.settings: Allow by setting MOZ_REMOTE_SETTINGS_DEVTOOLS=1 in the environment
[GFX1-]: glxtest: Unable to open a connection to the X server
[GFX1-]: No GPUs detected via PCI

1780595285380	Marionette	INFO	Marionette enabled
console.error: "Warning: unrecognized command line flag" "-width"
console.error: "Warning: unrecognized command line flag" "-height"
1780595286973	Marionette	INFO	Listening on port 33709
Read port: 33709
WebDriver BiDi listening on ws://127.0.0.1:56263
1780595287305	RemoteAgent	WARN	TLS certificate errors will be ignored for this session
[GFX1-]: RenderCompositorSWGL failed mapping default framebuffer, no dt
console.error: (new TypeError("can't access property \"find\", this._searchProviderInfo is null", "moz-src:///browser/components/search/SearchSERPTelemetry.sys.mjs", 978))
console.warn: RSLoader: Recipe new-tab-151220260328211913-to-beta-150 not returned from collection nimbus-secure-experiments because it contains feature newtabTrainhopAddon, which is disallowed for that collection.
console.warn: RSLoader: Recipe new-tab-151220260328211913-to-release-only-149 not returned from collection nimbus-secure-experiments because it contains feature newtabTrainhopAddon, which is disallowed for that collection.
console.warn: RSLoader: Recipe new-tab-151320260419192959-to-release-only-150 not returned from collection nimbus-secure-experiments because it contains feature newtabTrainhopAddon, which is disallowed for that collection.
console.warn: RSLoader: Recipe new-tab-15202026050433143-to-release-only-150 not returned from collection nimbus-secure-experiments because it contains feature newtabTrainhopAddon, which is disallowed for that collection.
console.warn: RSLoader: Recipe new-tab-153020260521220634-to-release-151 not returned from collection nimbus-secure-experiments because it contains feature newtabTrainhopAddon, which is disallowed for that collection.
console.warn: RSLoader: Recipe new-tab-153120260528133333-to-release-151 not returned from collection nimbus-secure-experiments because it contains feature newtabTrainhopAddon, which is disallowed for that collection.
JavaScript warning: https://js.hs-analytics.net/analytics/1657633500000/7171354.js, line 141: Failed to create WebGL context: WebGL creation failed: 
* WebglAllowWindowsNativeGl:false restricts context creation on this system. ()
* Exhausted GL driver options. (FEATURE_FAILURE_WEBGL_EXHAUSTED_DRIVERS)
JavaScript warning: https://js.hs-analytics.net/analytics/1657633500000/7171354.js, line 141: Failed to create WebGL context: WebGL creation failed: 
* WebglAllowWindowsNativeGl:false restricts context creation on this system. ()
* Exhausted GL driver options. (FEATURE_FAILURE_WEBGL_EXHAUSTED_DRIVERS)
1780595362628	geckodriver	INFO	Listening on 127.0.0.1:36383
1780595373294	mozrunner::runner	INFO	Running command: MOZ_CRASHREPORTER="1" MOZ_CRASHREPORTER_NO_REPORT="1" MOZ_CRASHREPORTER_SHUTDOWN="1" "/usr/bin/firefox" "--m ... 80" "--remote-debugging-port" "57921" "--remote-allow-hosts" "localhost" "-no-remote" "-profile" "/tmp/rust_mozprofilevEu33d"
*** You are running in headless mode.
console.warn: services.settings: Ignoring preference override of remote settings server
console.warn: services.settings: Allow by setting MOZ_REMOTE_SETTINGS_DEVTOOLS=1 in the environment
[GFX1-]: glxtest: Unable to open a connection to the X server
[GFX1-]: No GPUs detected via PCI

1780595392533	Marionette	INFO	Marionette enabled
console.error: "Warning: unrecognized command line flag" "-width"
console.error: "Warning: unrecognized command line flag" "-height"
1780595402172	Marionette	INFO	Listening on port 42429
Read port: 42429
Read port: 42429
WebDriver BiDi listening on ws://127.0.0.1:57921
Read port: 42429
1780595409312	RemoteAgent	WARN	TLS certificate errors will be ignored for this session
1780595424766	geckodriver	INFO	Listening on 127.0.0.1:39893
1780595426675	Marionette	INFO	Stopped listening on port 41699
[GFX1-]: RenderCompositorSWGL failed mapping default framebuffer, no dt
1780595437316	mozrunner::runner	INFO	Running command: MOZ_CRASHREPORTER="1" MOZ_CRASHREPORTER_NO_REPORT="1" MOZ_CRASHREPORTER_SHUTDOWN="1" "/usr/bin/firefox" "--m ... 80" "--remote-debugging-port" "42449" "--remote-allow-hosts" "localhost" "-no-remote" "-profile" "/tmp/rust_mozprofilefAKWvx"
[GFX1-]: Calling RemoveRenderer::Run: is delayed: 6568
console.error: "Failed to fetch https://ads.mozilla.org/v1/delete_user:" "NetworkError when attempting to fetch resource."
console.warn: TopSitesFeed: Failed to fetch data from MARS server: NetworkError when attempting to fetch resource.
*** You are running in headless mode.
1780595448367	Marionette	INFO	Stopped listening on port 45703
console.warn: services.settings: Ignoring preference override of remote settings server
console.warn: services.settings: Allow by setting MOZ_REMOTE_SETTINGS_DEVTOOLS=1 in the environment
console.warn: RSLoader: Recipe new-tab-151220260328211913-to-beta-150 not returned from collection nimbus-secure-experiments because it contains feature newtabTrainhopAddon, which is disallowed for that collection.
console.warn: RSLoader: Recipe new-tab-151220260328211913-to-release-only-149 not returned from collection nimbus-secure-experiments because it contains feature newtabTrainhopAddon, which is disallowed for that collection.
console.warn: RSLoader: Recipe new-tab-151320260419192959-to-release-only-150 not returned from collection nimbus-secure-experiments because it contains feature newtabTrainhopAddon, which is disallowed for that collection.
console.warn: RSLoader: Recipe new-tab-15202026050433143-to-release-only-150 not returned from collection nimbus-secure-experiments because it contains feature newtabTrainhopAddon, which is disallowed for that collection.
console.warn: RSLoader: Recipe new-tab-153020260521220634-to-release-151 not returned from collection nimbus-secure-experiments because it contains feature newtabTrainhopAddon, which is disallowed for that collection.
console.warn: RSLoader: Recipe new-tab-153120260528133333-to-release-151 not returned from collection nimbus-secure-experiments because it contains feature newtabTrainhopAddon, which is disallowed for that collection.
[GFX1-]: glxtest: Unable to open a connection to the X server
[GFX1-]: No GPUs detected via PCI

1780595453250	Marionette	INFO	Marionette enabled
console.error: "Failed to fetch https://ads.mozilla.org/v1/delete_user:" "NetworkError when attempting to fetch resource."
console.warn: TopSitesFeed: Failed to fetch data from MARS server: NetworkError when attempting to fetch resource.
console.error: "Warning: unrecognized command line flag" "-width"
console.error: "Warning: unrecognized command line flag" "-height"
1780595461113	Marionette	INFO	Listening on port 35717
WebDriver BiDi listening on ws://127.0.0.1:42449
Read port: 35717
1780595461990	RemoteAgent	WARN	TLS certificate errors will be ignored for this session
1780595462679	geckodriver	INFO	Listening on 127.0.0.1:56937
1780595463505	mozrunner::runner	INFO	Running command: MOZ_CRASHREPORTER="1" MOZ_CRASHREPORTER_NO_REPORT="1" MOZ_CRASHREPORTER_SHUTDOWN="1" "/usr/bin/firefox" "--m ... 80" "--remote-debugging-port" "56135" "--remote-allow-hosts" "localhost" "-no-remote" "-profile" "/tmp/rust_mozprofilecLVBUC"
*** You are running in headless mode.
console.warn: services.settings: Ignoring preference override of remote settings server
console.warn: services.settings: Allow by setting MOZ_REMOTE_SETTINGS_DEVTOOLS=1 in the environment
[GFX1-]: glxtest: Unable to open a connection to the X server
[GFX1-]: No GPUs detected via PCI

1780595464048	Marionette	INFO	Marionette enabled
[GFX1-]: RenderCompositorSWGL failed mapping default framebuffer, no dt
console.error: "Warning: unrecognized command line flag" "-width"
console.error: "Warning: unrecognized command line flag" "-height"
1780595467580	Marionette	INFO	Listening on port 36561
Read port: 36561
WebDriver BiDi listening on ws://127.0.0.1:56135
1780595468346	RemoteAgent	WARN	TLS certificate errors will be ignored for this session
[GFX1-]: RenderCompositorSWGL failed mapping default framebuffer, no dt
console.error: (new TypeError("can't access property \"find\", this._searchProviderInfo is null", "moz-src:///browser/components/search/SearchSERPTelemetry.sys.mjs", 978))
console.warn: RSLoader: Recipe new-tab-151220260328211913-to-beta-150 not returned from collection nimbus-secure-experiments because it contains feature newtabTrainhopAddon, which is disallowed for that collection.
console.warn: RSLoader: Recipe new-tab-151220260328211913-to-release-only-149 not returned from collection nimbus-secure-experiments because it contains feature newtabTrainhopAddon, which is disallowed for that collection.
console.warn: RSLoader: Recipe new-tab-151320260419192959-to-release-only-150 not returned from collection nimbus-secure-experiments because it contains feature newtabTrainhopAddon, which is disallowed for that collection.
console.warn: RSLoader: Recipe new-tab-15202026050433143-to-release-only-150 not returned from collection nimbus-secure-experiments because it contains feature newtabTrainhopAddon, which is disallowed for that collection.
console.warn: RSLoader: Recipe new-tab-153020260521220634-to-release-151 not returned from collection nimbus-secure-experiments because it contains feature newtabTrainhopAddon, which is disallowed for that collection.
console.warn: RSLoader: Recipe new-tab-153120260528133333-to-release-151 not returned from collection nimbus-secure-experiments because it contains feature newtabTrainhopAddon, which is disallowed for that collection.
console.error: (new TypeError("can't access property \"find\", this._searchProviderInfo is null", "moz-src:///browser/components/search/SearchSERPTelemetry.sys.mjs", 978))
JavaScript warning: https://js.hs-analytics.net/analytics/1657633500000/7171354.js, line 141: Failed to create WebGL context: WebGL creation failed: 
* WebglAllowWindowsNativeGl:false restricts context creation on this system. ()
* Exhausted GL driver options. (FEATURE_FAILURE_WEBGL_EXHAUSTED_DRIVERS)
JavaScript warning: https://js.hs-analytics.net/analytics/1657633500000/7171354.js, line 141: Failed to create WebGL context: WebGL creation failed: 
* WebglAllowWindowsNativeGl:false restricts context creation on this system. ()
* Exhausted GL driver options. (FEATURE_FAILURE_WEBGL_EXHAUSTED_DRIVERS)
JavaScript error: https://static.hsappstatic.net/feedback-web-renderer-ui/static-1.30191/bundles/fetcher.js, line 1: SecurityError: The operation is insecure.
JavaScript warning: https://js.hs-analytics.net/analytics/1657633500000/7171354.js, line 141: Failed to create WebGL context: WebGL creation failed: 
* WebglAllowWindowsNativeGl:false restricts context creation on this system. ()
* Exhausted GL driver options. (FEATURE_FAILURE_WEBGL_EXHAUSTED_DRIVERS)
JavaScript warning: https://js.hs-analytics.net/analytics/1657633500000/7171354.js, line 141: Failed to create WebGL context: WebGL creation failed: 
* WebglAllowWindowsNativeGl:false restricts context creation on this system. ()
* Exhausted GL driver options. (FEATURE_FAILURE_WEBGL_EXHAUSTED_DRIVERS)
1780595513355	Marionette	INFO	Stopped listening on port 35717
console.error: "Failed to fetch https://ads.mozilla.org/v1/delete_user:" "NetworkError when attempting to fetch resource."
console.warn: TopSitesFeed: Failed to fetch data from MARS server: NetworkError when attempting to fetch resource.
console.error: services.settings: 
  main/message-groups: Signature of bundled changeset is invalid: [Exception... "<no message>"  nsresult: "0x8046001e (<unknown>)"  location: "JS frame :: resource://gre/modules/ServiceRequest.sys.mjs :: open :: line 126"  data: no].
console.error: services.settings: 
  main/fingerprinting-protection-overrides: Signature of bundled changeset is invalid: [Exception... "<no message>"  nsresult: "0x8046001e (<unknown>)"  location: "JS frame :: resource://gre/modules/ServiceRequest.sys.mjs :: open :: line 126"  data: no].
console.error: services.settings: 
  main/remote-permissions: Signature of bundled changeset is invalid: [Exception... "<no message>"  nsresult: "0x8046001e (<unknown>)"  location: "JS frame :: resource://gre/modules/ServiceRequest.sys.mjs :: open :: line 126"  data: no].
console.error: services.settings: 
  main/doh-providers: Signature of bundled changeset is invalid: [Exception... "<no message>"  nsresult: "0x8046001e (<unknown>)"  location: "JS frame :: resource://gre/modules/ServiceRequest.sys.mjs :: open :: line 126"  data: no].
console.error: services.settings: 
  main/doh-config: Signature of bundled changeset is invalid: [Exception... "<no message>"  nsresult: "0x8046001e (<unknown>)"  location: "JS frame :: resource://gre/modules/ServiceRequest.sys.mjs :: open :: line 126"  data: no].
console.error: services.settings: 
  main/partitioning-exempt-urls: Signature of bundled changeset is invalid: [Exception... "<no message>"  nsresult: "0x8046001e (<unknown>)"  location: "JS frame :: resource://gre/modules/ServiceRequest.sys.mjs :: open :: line 126"  data: no].
console.error: services.settings: 
  main/normandy-recipes-capabilities: Signature of bundled changeset is invalid: [Exception... "<no message>"  nsresult: "0x8046001e (<unknown>)"  location: "JS frame :: resource://gre/modules/ServiceRequest.sys.mjs :: open :: line 126"  data: no].
console.error: services.settings: 
  main/search-categorization: Signature of bundled changeset is invalid: [Exception... "<no message>"  nsresult: "0x8046001e (<unknown>)"  location: "JS frame :: resource://gre/modules/ServiceRequest.sys.mjs :: open :: line 126"  data: no].
console.error: services.settings: 
  main/third-party-cookie-blocking-exempt-urls: Signature of bundled changeset is invalid: [Exception... "<no message>"  nsresult: "0x8046001e (<unknown>)"  location: "JS frame :: resource://gre/modules/ServiceRequest.sys.mjs :: open :: line 126"  data: no].
console.error: services.settings: 
  main/query-stripping: Signature of bundled changeset is invalid: [Exception... "<no message>"  nsresult: "0x8046001e (<unknown>)"  location: "JS frame :: resource://gre/modules/ServiceRequest.sys.mjs :: open :: line 126"  data: no].
console.error: services.settings: 
Object
  - prototype Object
    - columnNumber = 0
    - data = null
    - filename = resource://gre/modules/ServiceRequest.sys.mjs
    - lineNumber = 126
    - location = {"name":"open","filename":"resource://gre/modules/ServiceRequest.sys.mjs","sourceId":25,"lineNumber":126,"columnNumber":11,"asyncCause":null,"asyncCaller":null,"caller":{"filename":"resource://services-settings/Utils.sys.mjs","name":"fetch/<","sourceId":24,"lineNumber":268,"columnNumber":15,"asyncCause":null,"asyncCaller":null,"caller":{"filename":"resource://services-settings/Utils.sys.mjs","name":"fetch","sourceId":24,"lineNumber":219,"columnNumber":12,"asyncCause":null,"asyncCaller":null,"caller":{"filename":"resource://services-settings/Utils.sys.mjs","name":"fetchLatestChanges","sourceId":24,"lineNumber":429,"columnNumber":34,"asyncCause":null,"asyncCaller":null,"caller":{"filename":"resource://services-settings/RemoteSettingsClient.sys.mjs","name":"sync","sourceId":22,"lineNumber":630,"columnNumber":42,"asyncCause":null,"asyncCaller":null,"caller":{"filename":"resource://services-settings/RemoteSettingsClient.sys.mjs","name":"get/this._importingPromise<","sourceId":22,"lineNumber":482,"columnNumber":28,"asyncCause":null,"asyncCaller":null,"caller":null,"formattedStack":"get/this._importingPromise<@resource://services-settings/RemoteSettingsClient.sys.mjs:482:28\n","nativeSavedFrame":{}},"formattedStack":"sync@resource://services-settings/RemoteSettingsClient.sys.mjs:630:42\nget/this._importingPromise<@resource://services-settings/RemoteSettingsClient.sys.mjs:482:28\n","nativeSavedFrame":{}},"formattedStack":"fetchLatestChanges@resource://services-settings/Utils.sys.mjs:429:34\nsync@resource://services-settings/RemoteSettingsClient.sys.mjs:630:42\nget/this._importingPromise<@resource://services-settings/RemoteSettingsClient.sys.mjs:482:28\n","nativeSavedFrame":{}},"formattedStack":"fetch@resource://services-settings/Utils.sys.mjs:219:12\nfetchLatestChanges@resource://services-settings/Utils.sys.mjs:429:34\nsync@resource://services-settings/RemoteSettingsClient.sys.mjs:630:42\nget/this._importingPromise<@resource://services-settings/RemoteSettingsClient.sys.mjs:482:28\n","nativeSavedFrame":{}},"formattedStack":"fetch/<@resource://services-settings/Utils.sys.mjs:268:15\nfetch@resource://services-settings/Utils.sys.mjs:219:12\nfetchLatestChanges@resource://services-settings/Utils.sys.mjs:429:34\nsync@resource://services-settings/RemoteSettingsClient.sys.mjs:630:42\nget/this._importingPromise<@resource://services-settings/RemoteSettingsClient.sys.mjs:482:28\n","nativeSavedFrame":{}},"formattedStack":"open@resource://gre/modules/ServiceRequest.sys.mjs:126:11\nfetch/<@resource://services-settings/Utils.sys.mjs:268:15\nfetch@resource://services-settings/Utils.sys.mjs:219:12\nfetchLatestChanges@resource://services-settings/Utils.sys.mjs:429:34\nsync@resource://services-settings/RemoteSettingsClient.sys.mjs:630:42\nget/this._importingPromise<@resource://services-settings/RemoteSettingsClient.sys.mjs:482:28\n","nativeSavedFrame":{}}
    - message = 
    - name = 
    - result = 2152071198
    - stack = open@resource://gre/modules/ServiceRequest.sys.mjs:126:11|fetch/<@resource://services-settings/Utils.sys.mjs:268:15|fetch@resource://services-settings/Utils.sys.mjs:219:12|fetchLatestChanges@resource://services-settings/Utils.sys.mjs:429:34|sync@resource://services-settings/RemoteSettingsClient.sys.mjs:630:42|get/this._importingPromise<@resource://services-settings/RemoteSettingsClient.sys.mjs:482:28|
  - prototype Object
console.error: services.settings: 
Object
  - prototype Object
    - columnNumber = 0
    - data = null
    - filename = resource://gre/modules/ServiceRequest.sys.mjs
    - lineNumber = 126
    - location = {"name":"open","filename":"resource://gre/modules/ServiceRequest.sys.mjs","sourceId":25,"lineNumber":126,"columnNumber":11,"asyncCause":null,"asyncCaller":null,"caller":{"filename":"resource://services-settings/Utils.sys.mjs","name":"fetch/<","sourceId":24,"lineNumber":268,"columnNumber":15,"asyncCause":null,"asyncCaller":null,"caller":{"filename":"resource://services-settings/Utils.sys.mjs","name":"fetch","sourceId":24,"lineNumber":219,"columnNumber":12,"asyncCause":null,"asyncCaller":null,"caller":{"filename":"resource://services-settings/Utils.sys.mjs","name":"fetchLatestChanges","sourceId":24,"lineNumber":429,"columnNumber":34,"asyncCause":null,"asyncCaller":null,"caller":{"filename":"resource://services-settings/RemoteSettingsClient.sys.mjs","name":"sync","sourceId":22,"lineNumber":630,"columnNumber":42,"asyncCause":null,"asyncCaller":null,"caller":{"filename":"resource://services-settings/RemoteSettingsClient.sys.mjs","name":"get/this._importingPromise<","sourceId":22,"lineNumber":482,"columnNumber":28,"asyncCause":null,"asyncCaller":null,"caller":null,"formattedStack":"get/this._importingPromise<@resource://services-settings/RemoteSettingsClient.sys.mjs:482:28\n","nativeSavedFrame":{}},"formattedStack":"sync@resource://services-settings/RemoteSettingsClient.sys.mjs:630:42\nget/this._importingPromise<@resource://services-settings/RemoteSettingsClient.sys.mjs:482:28\n","nativeSavedFrame":{}},"formattedStack":"fetchLatestChanges@resource://services-settings/Utils.sys.mjs:429:34\nsync@resource://services-settings/RemoteSettingsClient.sys.mjs:630:42\nget/this._importingPromise<@resource://services-settings/RemoteSettingsClient.sys.mjs:482:28\n","nativeSavedFrame":{}},"formattedStack":"fetch@resource://services-settings/Utils.sys.mjs:219:12\nfetchLatestChanges@resource://services-settings/Utils.sys.mjs:429:34\nsync@resource://services-settings/RemoteSettingsClient.sys.mjs:630:42\nget/this._importingPromise<@resource://services-settings/RemoteSettingsClient.sys.mjs:482:28\n","nativeSavedFrame":{}},"formattedStack":"fetch/<@resource://services-settings/Utils.sys.mjs:268:15\nfetch@resource://services-settings/Utils.sys.mjs:219:12\nfetchLatestChanges@resource://services-settings/Utils.sys.mjs:429:34\nsync@resource://services-settings/RemoteSettingsClient.sys.mjs:630:42\nget/this._importingPromise<@resource://services-settings/RemoteSettingsClient.sys.mjs:482:28\n","nativeSavedFrame":{}},"formattedStack":"open@resource://gre/modules/ServiceRequest.sys.mjs:126:11\nfetch/<@resource://services-settings/Utils.sys.mjs:268:15\nfetch@resource://services-settings/Utils.sys.mjs:219:12\nfetchLatestChanges@resource://services-settings/Utils.sys.mjs:429:34\nsync@resource://services-settings/RemoteSettingsClient.sys.mjs:630:42\nget/this._importingPromise<@resource://services-settings/RemoteSettingsClient.sys.mjs:482:28\n","nativeSavedFrame":{}}
    - message = 
    - name = 
    - result = 2152071198
    - stack = open@resource://gre/modules/ServiceRequest.sys.mjs:126:11|fetch/<@resource://services-settings/Utils.sys.mjs:268:15|fetch@resource://services-settings/Utils.sys.mjs:219:12|fetchLatestChanges@resource://services-settings/Utils.sys.mjs:429:34|sync@resource://services-settings/RemoteSettingsClient.sys.mjs:630:42|get/this._importingPromise<@resource://services-settings/RemoteSettingsClient.sys.mjs:482:28|
  - prototype Object
console.error: services.settings: 
Object
  - prototype Object
    - columnNumber = 0
    - data = null
    - filename = resource://gre/modules/ServiceRequest.sys.mjs
    - lineNumber = 126
    - location = {"name":"open","filename":"resource://gre/modules/ServiceRequest.sys.mjs","sourceId":25,"lineNumber":126,"columnNumber":11,"asyncCause":null,"asyncCaller":null,"caller":{"filename":"resource://services-settings/Utils.sys.mjs","name":"fetch/<","sourceId":24,"lineNumber":268,"columnNumber":15,"asyncCause":null,"asyncCaller":null,"caller":{"filename":"resource://services-settings/Utils.sys.mjs","name":"fetch","sourceId":24,"lineNumber":219,"columnNumber":12,"asyncCause":null,"asyncCaller":null,"caller":{"filename":"resource://services-settings/Utils.sys.mjs","name":"fetchLatestChanges","sourceId":24,"lineNumber":429,"columnNumber":34,"asyncCause":null,"asyncCaller":null,"caller":{"filename":"resource://services-settings/RemoteSettingsClient.sys.mjs","name":"sync","sourceId":22,"lineNumber":630,"columnNumber":42,"asyncCause":null,"asyncCaller":null,"caller":{"filename":"resource://services-settings/RemoteSettingsClient.sys.mjs","name":"get/this._importingPromise<","sourceId":22,"lineNumber":482,"columnNumber":28,"asyncCause":null,"asyncCaller":null,"caller":null,"formattedStack":"get/this._importingPromise<@resource://services-settings/RemoteSettingsClient.sys.mjs:482:28\n","nativeSavedFrame":{}},"formattedStack":"sync@resource://services-settings/RemoteSettingsClient.sys.mjs:630:42\nget/this._importingPromise<@resource://services-settings/RemoteSettingsClient.sys.mjs:482:28\n","nativeSavedFrame":{}},"formattedStack":"fetchLatestChanges@resource://services-settings/Utils.sys.mjs:429:34\nsync@resource://services-settings/RemoteSettingsClient.sys.mjs:630:42\nget/this._importingPromise<@resource://services-settings/RemoteSettingsClient.sys.mjs:482:28\n","nativeSavedFrame":{}},"formattedStack":"fetch@resource://services-settings/Utils.sys.mjs:219:12\nfetchLatestChanges@resource://services-settings/Utils.sys.mjs:429:34\nsync@resource://services-settings/RemoteSettingsClient.sys.mjs:630:42\nget/this._importingPromise<@resource://services-settings/RemoteSettingsClient.sys.mjs:482:28\n","nativeSavedFrame":{}},"formattedStack":"fetch/<@resource://services-settings/Utils.sys.mjs:268:15\nfetch@resource://services-settings/Utils.sys.mjs:219:12\nfetchLatestChanges@resource://services-settings/Utils.sys.mjs:429:34\nsync@resource://services-settings/RemoteSettingsClient.sys.mjs:630:42\nget/this._importingPromise<@resource://services-settings/RemoteSettingsClient.sys.mjs:482:28\n","nativeSavedFrame":{}},"formattedStack":"open@resource://gre/modules/ServiceRequest.sys.mjs:126:11\nfetch/<@resource://services-settings/Utils.sys.mjs:268:15\nfetch@resource://services-settings/Utils.sys.mjs:219:12\nfetchLatestChanges@resource://services-settings/Utils.sys.mjs:429:34\nsync@resource://services-settings/RemoteSettingsClient.sys.mjs:630:42\nget/this._importingPromise<@resource://services-settings/RemoteSettingsClient.sys.mjs:482:28\n","nativeSavedFrame":{}}
    - message = 
    - name = 
    - result = 2152071198
    - stack = open@resource://gre/modules/ServiceRequest.sys.mjs:126:11|fetch/<@resource://services-settings/Utils.sys.mjs:268:15|fetch@resource://services-settings/Utils.sys.mjs:219:12|fetchLatestChanges@resource://services-settings/Utils.sys.mjs:429:34|sync@resource://services-settings/RemoteSettingsClient.sys.mjs:630:42|get/this._importingPromise<@resource://services-settings/RemoteSettingsClient.sys.mjs:482:28|
  - prototype Object
console.error: services.settings: 
Object
  - prototype Object
    - columnNumber = 0
    - data = null
    - filename = resource://gre/modules/ServiceRequest.sys.mjs
    - lineNumber = 126
    - location = {"name":"open","filename":"resource://gre/modules/ServiceRequest.sys.mjs","sourceId":25,"lineNumber":126,"columnNumber":11,"asyncCause":null,"asyncCaller":null,"caller":{"filename":"resource://services-settings/Utils.sys.mjs","name":"fetch/<","sourceId":24,"lineNumber":268,"columnNumber":15,"asyncCause":null,"asyncCaller":null,"caller":{"filename":"resource://services-settings/Utils.sys.mjs","name":"fetch","sourceId":24,"lineNumber":219,"columnNumber":12,"asyncCause":null,"asyncCaller":null,"caller":{"filename":"resource://services-settings/Utils.sys.mjs","name":"fetchLatestChanges","sourceId":24,"lineNumber":429,"columnNumber":34,"asyncCause":null,"asyncCaller":null,"caller":{"filename":"resource://services-settings/RemoteSettingsClient.sys.mjs","name":"sync","sourceId":22,"lineNumber":630,"columnNumber":42,"asyncCause":null,"asyncCaller":null,"caller":{"filename":"resource://services-settings/RemoteSettingsClient.sys.mjs","name":"get/this._importingPromise<","sourceId":22,"lineNumber":482,"columnNumber":28,"asyncCause":null,"asyncCaller":null,"caller":null,"formattedStack":"get/this._importingPromise<@resource://services-settings/RemoteSettingsClient.sys.mjs:482:28\n","nativeSavedFrame":{}},"formattedStack":"sync@resource://services-settings/RemoteSettingsClient.sys.mjs:630:42\nget/this._importingPromise<@resource://services-settings/RemoteSettingsClient.sys.mjs:482:28\n","nativeSavedFrame":{}},"formattedStack":"fetchLatestChanges@resource://services-settings/Utils.sys.mjs:429:34\nsync@resource://services-settings/RemoteSettingsClient.sys.mjs:630:42\nget/this._importingPromise<@resource://services-settings/RemoteSettingsClient.sys.mjs:482:28\n","nativeSavedFrame":{}},"formattedStack":"fetch@resource://services-settings/Utils.sys.mjs:219:12\nfetchLatestChanges@resource://services-settings/Utils.sys.mjs:429:34\nsync@resource://services-settings/RemoteSettingsClient.sys.mjs:630:42\nget/this._importingPromise<@resource://services-settings/RemoteSettingsClient.sys.mjs:482:28\n","nativeSavedFrame":{}},"formattedStack":"fetch/<@resource://services-settings/Utils.sys.mjs:268:15\nfetch@resource://services-settings/Utils.sys.mjs:219:12\nfetchLatestChanges@resource://services-settings/Utils.sys.mjs:429:34\nsync@resource://services-settings/RemoteSettingsClient.sys.mjs:630:42\nget/this._importingPromise<@resource://services-settings/RemoteSettingsClient.sys.mjs:482:28\n","nativeSavedFrame":{}},"formattedStack":"open@resource://gre/modules/ServiceRequest.sys.mjs:126:11\nfetch/<@resource://services-settings/Utils.sys.mjs:268:15\nfetch@resource://services-settings/Utils.sys.mjs:219:12\nfetchLatestChanges@resource://services-settings/Utils.sys.mjs:429:34\nsync@resource://services-settings/RemoteSettingsClient.sys.mjs:630:42\nget/this._importingPromise<@resource://services-settings/RemoteSettingsClient.sys.mjs:482:28\n","nativeSavedFrame":{}}
    - message = 
    - name = 
    - result = 2152071198
    - stack = open@resource://gre/modules/ServiceRequest.sys.mjs:126:11|fetch/<@resource://services-settings/Utils.sys.mjs:268:15|fetch@resource://services-settings/Utils.sys.mjs:219:12|fetchLatestChanges@resource://services-settings/Utils.sys.mjs:429:34|sync@resource://services-settings/RemoteSettingsClient.sys.mjs:630:42|get/this._importingPromise<@resource://services-settings/RemoteSettingsClient.sys.mjs:482:28|
  - prototype Object
console.error: services.settings: 
Object
  - prototype Object
    - columnNumber = 0
    - data = null
    - filename = resource://gre/modules/ServiceRequest.sys.mjs
    - lineNumber = 126
    - location = {"name":"open","filename":"resource://gre/modules/ServiceRequest.sys.mjs","sourceId":25,"lineNumber":126,"columnNumber":11,"asyncCause":null,"asyncCaller":null,"caller":{"filename":"resource://services-settings/Utils.sys.mjs","name":"fetch/<","sourceId":24,"lineNumber":268,"columnNumber":15,"asyncCause":null,"asyncCaller":null,"caller":{"filename":"resource://services-settings/Utils.sys.mjs","name":"fetch","sourceId":24,"lineNumber":219,"columnNumber":12,"asyncCause":null,"asyncCaller":null,"caller":{"filename":"resource://services-settings/Utils.sys.mjs","name":"fetchLatestChanges","sourceId":24,"lineNumber":429,"columnNumber":34,"asyncCause":null,"asyncCaller":null,"caller":{"filename":"resource://services-settings/RemoteSettingsClient.sys.mjs","name":"sync","sourceId":22,"lineNumber":630,"columnNumber":42,"asyncCause":null,"asyncCaller":null,"caller":{"filename":"resource://services-settings/RemoteSettingsClient.sys.mjs","name":"get/this._importingPromise<","sourceId":22,"lineNumber":482,"columnNumber":28,"asyncCause":null,"asyncCaller":null,"caller":null,"formattedStack":"get/this._importingPromise<@resource://services-settings/RemoteSettingsClient.sys.mjs:482:28\n","nativeSavedFrame":{}},"formattedStack":"sync@resource://services-settings/RemoteSettingsClient.sys.mjs:630:42\nget/this._importingPromise<@resource://services-settings/RemoteSettingsClient.sys.mjs:482:28\n","nativeSavedFrame":{}},"formattedStack":"fetchLatestChanges@resource://services-settings/Utils.sys.mjs:429:34\nsync@resource://services-settings/RemoteSettingsClient.sys.mjs:630:42\nget/this._importingPromise<@resource://services-settings/RemoteSettingsClient.sys.mjs:482:28\n","nativeSavedFrame":{}},"formattedStack":"fetch@resource://services-settings/Utils.sys.mjs:219:12\nfetchLatestChanges@resource://services-settings/Utils.sys.mjs:429:34\nsync@resource://services-settings/RemoteSettingsClient.sys.mjs:630:42\nget/this._importingPromise<@resource://services-settings/RemoteSettingsClient.sys.mjs:482:28\n","nativeSavedFrame":{}},"formattedStack":"fetch/<@resource://services-settings/Utils.sys.mjs:268:15\nfetch@resource://services-settings/Utils.sys.mjs:219:12\nfetchLatestChanges@resource://services-settings/Utils.sys.mjs:429:34\nsync@resource://services-settings/RemoteSettingsClient.sys.mjs:630:42\nget/this._importingPromise<@resource://services-settings/RemoteSettingsClient.sys.mjs:482:28\n","nativeSavedFrame":{}},"formattedStack":"open@resource://gre/modules/ServiceRequest.sys.mjs:126:11\nfetch/<@resource://services-settings/Utils.sys.mjs:268:15\nfetch@resource://services-settings/Utils.sys.mjs:219:12\nfetchLatestChanges@resource://services-settings/Utils.sys.mjs:429:34\nsync@resource://services-settings/RemoteSettingsClient.sys.mjs:630:42\nget/this._importingPromise<@resource://services-settings/RemoteSettingsClient.sys.mjs:482:28\n","nativeSavedFrame":{}}
    - message = 
    - name = 
    - result = 2152071198
    - stack = open@resource://gre/modules/ServiceRequest.sys.mjs:126:11|fetch/<@resource://services-settings/Utils.sys.mjs:268:15|fetch@resource://services-settings/Utils.sys.mjs:219:12|fetchLatestChanges@resource://services-settings/Utils.sys.mjs:429:34|sync@resource://services-settings/RemoteSettingsClient.sys.mjs:630:42|get/this._importingPromise<@resource://services-settings/RemoteSettingsClient.sys.mjs:482:28|
  - prototype Object
console.error: services.settings: 
Object
  - prototype Object
    - columnNumber = 0
    - data = null
    - filename = resource://gre/modules/ServiceRequest.sys.mjs
    - lineNumber = 126
    - location = {"name":"open","filename":"resource://gre/modules/ServiceRequest.sys.mjs","sourceId":25,"lineNumber":126,"columnNumber":11,"asyncCause":null,"asyncCaller":null,"caller":{"filename":"resource://services-settings/Utils.sys.mjs","name":"fetch/<","sourceId":24,"lineNumber":268,"columnNumber":15,"asyncCause":null,"asyncCaller":null,"caller":{"filename":"resource://services-settings/Utils.sys.mjs","name":"fetch","sourceId":24,"lineNumber":219,"columnNumber":12,"asyncCause":null,"asyncCaller":null,"caller":{"filename":"resource://services-settings/Utils.sys.mjs","name":"fetchLatestChanges","sourceId":24,"lineNumber":429,"columnNumber":34,"asyncCause":null,"asyncCaller":null,"caller":{"filename":"resource://services-settings/RemoteSettingsClient.sys.mjs","name":"sync","sourceId":22,"lineNumber":630,"columnNumber":42,"asyncCause":null,"asyncCaller":null,"caller":{"filename":"resource://services-settings/RemoteSettingsClient.sys.mjs","name":"get/this._importingPromise<","sourceId":22,"lineNumber":482,"columnNumber":28,"asyncCause":null,"asyncCaller":null,"caller":null,"formattedStack":"get/this._importingPromise<@resource://services-settings/RemoteSettingsClient.sys.mjs:482:28\n","nativeSavedFrame":{}},"formattedStack":"sync@resource://services-settings/RemoteSettingsClient.sys.mjs:630:42\nget/this._importingPromise<@resource://services-settings/RemoteSettingsClient.sys.mjs:482:28\n","nativeSavedFrame":{}},"formattedStack":"fetchLatestChanges@resource://services-settings/Utils.sys.mjs:429:34\nsync@resource://services-settings/RemoteSettingsClient.sys.mjs:630:42\nget/this._importingPromise<@resource://services-settings/RemoteSettingsClient.sys.mjs:482:28\n","nativeSavedFrame":{}},"formattedStack":"fetch@resource://services-settings/Utils.sys.mjs:219:12\nfetchLatestChanges@resource://services-settings/Utils.sys.mjs:429:34\nsync@resource://services-settings/RemoteSettingsClient.sys.mjs:630:42\nget/this._importingPromise<@resource://services-settings/RemoteSettingsClient.sys.mjs:482:28\n","nativeSavedFrame":{}},"formattedStack":"fetch/<@resource://services-settings/Utils.sys.mjs:268:15\nfetch@resource://services-settings/Utils.sys.mjs:219:12\nfetchLatestChanges@resource://services-settings/Utils.sys.mjs:429:34\nsync@resource://services-settings/RemoteSettingsClient.sys.mjs:630:42\nget/this._importingPromise<@resource://services-settings/RemoteSettingsClient.sys.mjs:482:28\n","nativeSavedFrame":{}},"formattedStack":"open@resource://gre/modules/ServiceRequest.sys.mjs:126:11\nfetch/<@resource://services-settings/Utils.sys.mjs:268:15\nfetch@resource://services-settings/Utils.sys.mjs:219:12\nfetchLatestChanges@resource://services-settings/Utils.sys.mjs:429:34\nsync@resource://services-settings/RemoteSettingsClient.sys.mjs:630:42\nget/this._importingPromise<@resource://services-settings/RemoteSettingsClient.sys.mjs:482:28\n","nativeSavedFrame":{}}
    - message = 
    - name = 
    - result = 2152071198
    - stack = open@resource://gre/modules/ServiceRequest.sys.mjs:126:11|fetch/<@resource://services-settings/Utils.sys.mjs:268:15|fetch@resource://services-settings/Utils.sys.mjs:219:12|fetchLatestChanges@resource://services-settings/Utils.sys.mjs:429:34|sync@resource://services-settings/RemoteSettingsClient.sys.mjs:630:42|get/this._importingPromise<@resource://services-settings/RemoteSettingsClient.sys.mjs:482:28|
  - prototype Object
console.warn: RSLoader: Recipe new-tab-151220260328211913-to-beta-150 not returned from collection nimbus-secure-experiments because it contains feature newtabTrainhopAddon, which is disallowed for that collection.
console.warn: RSLoader: Recipe new-tab-151220260328211913-to-release-only-149 not returned from collection nimbus-secure-experiments because it contains feature newtabTrainhopAddon, which is disallowed for that collection.
console.warn: RSLoader: Recipe new-tab-151320260419192959-to-release-only-150 not returned from collection nimbus-secure-experiments because it contains feature newtabTrainhopAddon, which is disallowed for that collection.
console.warn: RSLoader: Recipe new-tab-15202026050433143-to-release-only-150 not returned from collection nimbus-secure-experiments because it contains feature newtabTrainhopAddon, which is disallowed for that collection.
console.warn: RSLoader: Recipe new-tab-153020260521220634-to-release-151 not returned from collection nimbus-secure-experiments because it contains feature newtabTrainhopAddon, which is disallowed for that collection.
console.warn: RSLoader: Recipe new-tab-153120260528133333-to-release-151 not returned from collection nimbus-secure-experiments because it contains feature newtabTrainhopAddon, which is disallowed for that collection.
console.error: services.settings: 
  security-state/cert-revocations Signature failed  [Exception... "<no message>"  nsresult: "0x8046001e (<unknown>)"  location: "JS frame :: resource://gre/modules/ServiceRequest.sys.mjs :: open :: line 126"  data: no]
console.error: services.settings: 
Object
  - prototype Object
    - columnNumber = 0
    - data = null
    - filename = resource://gre/modules/ServiceRequest.sys.mjs
    - lineNumber = 126
    - location = {"name":"open","filename":"resource://gre/modules/ServiceRequest.sys.mjs","sourceId":25,"lineNumber":126,"columnNumber":11,"asyncCause":null,"asyncCaller":null,"caller":{"filename":"resource://services-settings/Utils.sys.mjs","name":"fetch/<","sourceId":24,"lineNumber":268,"columnNumber":15,"asyncCause":null,"asyncCaller":null,"caller":{"filename":"resource://services-settings/Utils.sys.mjs","name":"fetch","sourceId":24,"lineNumber":219,"columnNumber":12,"asyncCause":null,"asyncCaller":null,"caller":{"filename":"resource://services-settings/RemoteSettingsClient.sys.mjs","name":"validateCollectionSignature","sourceId":22,"lineNumber":1036,"columnNumber":47,"asyncCause":null,"asyncCaller":null,"caller":{"filename":"resource://services-settings/RemoteSettingsClient.sys.mjs","name":"_importChanges","sourceId":22,"lineNumber":1117,"columnNumber":20,"asyncCause":null,"asyncCaller":null,"caller":null,"formattedStack":"_importChanges@resource://services-settings/RemoteSettingsClient.sys.mjs:1117:20\n","nativeSavedFrame":{}},"formattedStack":"validateCollectionSignature@resource://services-settings/RemoteSettingsClient.sys.mjs:1036:47\n_importChanges@resource://services-settings/RemoteSettingsClient.sys.mjs:1117:20\n","nativeSavedFrame":{}},"formattedStack":"fetch@resource://services-settings/Utils.sys.mjs:219:12\nvalidateCollectionSignature@resource://services-settings/RemoteSettingsClient.sys.mjs:1036:47\n_importChanges@resource://services-settings/RemoteSettingsClient.sys.mjs:1117:20\n","nativeSavedFrame":{}},"formattedStack":"fetch/<@resource://services-settings/Utils.sys.mjs:268:15\nfetch@resource://services-settings/Utils.sys.mjs:219:12\nvalidateCollectionSignature@resource://services-settings/RemoteSettingsClient.sys.mjs:1036:47\n_importChanges@resource://services-settings/RemoteSettingsClient.sys.mjs:1117:20\n","nativeSavedFrame":{}},"formattedStack":"open@resource://gre/modules/ServiceRequest.sys.mjs:126:11\nfetch/<@resource://services-settings/Utils.sys.mjs:268:15\nfetch@resource://services-settings/Utils.sys.mjs:219:12\nvalidateCollectionSignature@resource://services-settings/RemoteSettingsClient.sys.mjs:1036:47\n_importChanges@resource://services-settings/RemoteSettingsClient.sys.mjs:1117:20\n","nativeSavedFrame":{}}
    - message = 
    - name = 
    - result = 2152071198
    - stack = open@resource://gre/modules/ServiceRequest.sys.mjs:126:11|fetch/<@resource://services-settings/Utils.sys.mjs:268:15|fetch@resource://services-settings/Utils.sys.mjs:219:12|validateCollectionSignature@resource://services-settings/RemoteSettingsClient.sys.mjs:1036:47|_importChanges@resource://services-settings/RemoteSettingsClient.sys.mjs:1117:20|
  - prototype Object
console.error: services.settings: 
  Message: AbortError: IndexedDB: main/newtab-wallpapers-v2 list() IndexedDB:  execute() A request was aborted, for example through a call to IDBTransaction.abort.
console.error: (new AbortError("IndexedDB: main/ms-images getLastModified() IndexedDB:  execute() A request was aborted, for example through a call to IDBTransaction.abort.", "resource://services-settings/IDBHelpers.sys.mjs", 16))
console.error: (new Error("SessionFile is closed", "resource:///modules/sessionstore/SessionFile.sys.mjs", 407))
JavaScript warning: https://js.hs-analytics.net/analytics/1657633500000/7171354.js, line 141: Failed to create WebGL context: WebGL creation failed: 
* WebglAllowWindowsNativeGl:false restricts context creation on this system. ()
* Exhausted GL driver options. (FEATURE_FAILURE_WEBGL_EXHAUSTED_DRIVERS)
JavaScript warning: https://js.hs-analytics.net/analytics/1657633500000/7171354.js, line 141: Failed to create WebGL context: WebGL creation failed: 
* WebglAllowWindowsNativeGl:false restricts context creation on this system. ()
* Exhausted GL driver options. (FEATURE_FAILURE_WEBGL_EXHAUSTED_DRIVERS)
1780595541784	geckodriver	INFO	Listening on 127.0.0.1:36299
1780595542436	mozrunner::runner	INFO	Running command: MOZ_CRASHREPORTER="1" MOZ_CRASHREPORTER_NO_REPORT="1" MOZ_CRASHREPORTER_SHUTDOWN="1" "/usr/bin/firefox" "--m ... 80" "--remote-debugging-port" "60189" "--remote-allow-hosts" "localhost" "-no-remote" "-profile" "/tmp/rust_mozprofiletEclge"
*** You are running in headless mode.
console.warn: services.settings: Ignoring preference override of remote settings server
console.warn: services.settings: Allow by setting MOZ_REMOTE_SETTINGS_DEVTOOLS=1 in the environment
[GFX1-]: glxtest: Unable to open a connection to the X server
[GFX1-]: No GPUs detected via PCI

1780595545764	Marionette	INFO	Marionette enabled
console.error: "Warning: unrecognized command line flag" "-width"
console.error: "Warning: unrecognized command line flag" "-height"
1780595546689	Marionette	INFO	Listening on port 42797
Read port: 42797
WebDriver BiDi listening on ws://127.0.0.1:60189
1780595547186	RemoteAgent	WARN	TLS certificate errors will be ignored for this session
[GFX1-]: RenderCompositorSWGL failed mapping default framebuffer, no dt
console.warn: RSLoader: Recipe new-tab-151220260328211913-to-beta-150 not returned from collection nimbus-secure-experiments because it contains feature newtabTrainhopAddon, which is disallowed for that collection.
console.warn: RSLoader: Recipe new-tab-151220260328211913-to-release-only-149 not returned from collection nimbus-secure-experiments because it contains feature newtabTrainhopAddon, which is disallowed for that collection.
console.warn: RSLoader: Recipe new-tab-151320260419192959-to-release-only-150 not returned from collection nimbus-secure-experiments because it contains feature newtabTrainhopAddon, which is disallowed for that collection.
console.warn: RSLoader: Recipe new-tab-15202026050433143-to-release-only-150 not returned from collection nimbus-secure-experiments because it contains feature newtabTrainhopAddon, which is disallowed for that collection.
console.warn: RSLoader: Recipe new-tab-153020260521220634-to-release-151 not returned from collection nimbus-secure-experiments because it contains feature newtabTrainhopAddon, which is disallowed for that collection.
console.warn: RSLoader: Recipe new-tab-153120260528133333-to-release-151 not returned from collection nimbus-secure-experiments because it contains feature newtabTrainhopAddon, which is disallowed for that collection.
1780595622358	RemoteAgent	WARN	TimedPromise timed out after 500 ms: stacktrace:
TimedPromise/<@chrome://remote/content/shared/Sync.sys.mjs:448:24
TimedPromise@chrome://remote/content/shared/Sync.sys.mjs:432:10
interaction.flushEventLoop@chrome://remote/content/marionette/interaction.sys.mjs:465:10
webdriverClickElement@chrome://remote/content/marionette/interaction.sys.mjs:218:33
1780595628738	Marionette	INFO	Stopped listening on port 33709
JavaScript warning: https://statusinvest.com.br/lib/ion.rangeSlider/ion.rangeSlider.min.js?v=2.4.27.ABCDEG, line 2: Script terminated by timeout at:
updateScene@https://statusinvest.com.br/lib/ion.rangeSlider/ion.rangeSlider.min.js?v=2.4.27.ABCDEG:2:24402

console.error: "Failed to fetch https://ads.mozilla.org/v1/delete_user:" "NetworkError when attempting to fetch resource."
console.warn: TopSitesFeed: Failed to fetch data from MARS server: NetworkError when attempting to fetch resource.
[Parent 11957, IPC I/O Parent] WARNING: process 12621 exited on signal 15: file ./ipc/chromium/src/chrome/common/process_watcher_posix_sigchld.cc:134
A content process crashed and MOZ_CRASHREPORTER_SHUTDOWN is set, shutting down
1780595669607	Marionette	INFO	Stopped listening on port 42797
console.error: "Failed to fetch https://ads.mozilla.org/v1/delete_user:" "NetworkError when attempting to fetch resource."
console.warn: TopSitesFeed: Failed to fetch data from MARS server: NetworkError when attempting to fetch resource.
1780595670672	geckodriver::marionette	ERROR	Failed to close browser connection: unknown error
[GFX1-]: Failed to connect WebRenderBridgeChild. isParent=false
1780595671305	Marionette	WARN	Ignoring event 'pageshow' because document has an invalid readyState of 'uninitialized'.
JavaScript warning: https://js.hs-analytics.net/analytics/1657633500000/7171354.js, line 141: Script terminated by timeout at:
o@https://js.hs-analytics.net/analytics/1657633500000/7171354.js:141:74250
p@https://js.hs-analytics.net/analytics/1657633500000/7171354.js:141:83034
rt/t<@https://js.hs-analytics.net/analytics/1657633500000/7171354.js:141:83197
rt@https://js.hs-analytics.net/analytics/1657633500000/7171354.js:141:82845
et@https://js.hs-analytics.net/analytics/1657633500000/7171354.js:141:82544
tt@https://js.hs-analytics.net/analytics/1657633500000/7171354.js:141:82137
s@https://js.hs-analytics.net/analytics/1657633500000/7171354.js:141:74279
O/n<@https://js.hs-analytics.net/analytics/1657633500000/7171354.js:141:78404
O@https://js.hs-analytics.net/analytics/1657633500000/7171354.js:141:78367
M/o<@https://js.hs-analytics.net/analytics/1657633500000/7171354.js:141:78846
a@https://js.hs-analytics.net/analytics/1657633500000/7171354.js:141:74449

console.error: services.settings: 
  Message: StorageError: Storage error: AbortError: IndexedDB: security-state/intermediates list() IndexedDB:  execute() A request was aborted, for example through a call to IDBTransaction.abort.
  Stack:
    StorageError@resource://services-settings/RemoteSettingsClient.sys.mjs:154:5
_adjustedError@resource://services-settings/RemoteSettingsClient.sys.mjs:958:14
maybeSync@resource://services-settings/RemoteSettingsClient.sys.mjs:846:38
observe@resource://gre/modules/AsyncShutdown.sys.mjs:569:17

console.warn: services.settings: main/tracking-protection-lists sync interrupted by shutdown
console.error: (new Error("IndexedDB: main/ai-window-prompts getLastModified() IndexedDB:  execute() The application is shutting down", "resource://services-settings/IDBHelpers.sys.mjs", 16))
console.error: services.settings: 
  Message: AbortError: IndexedDB: main/newtab-wallpapers-v2 getLastModified() IndexedDB:  execute() A request was aborted, for example through a call to IDBTransaction.abort.
Exiting due to channel error.
Exiting due to channel error.
Exiting due to channel error.
Exiting due to channel error.
Exiting due to channel error.
Exiting due to channel error.
Exiting due to channel error.
Exiting due to channel error.
Exiting due to channel error.
Exiting due to channel error.
Exiting due to channel error.
Exiting due to channel error.
Exiting due to channel error.
1780595690307	geckodriver::marionette	ERROR	Failed to close browser connection: unknown error
1780596002170	geckodriver	INFO	Listening on 127.0.0.1:58073
1780596003203	mozrunner::runner	INFO	Running command: MOZ_CRASHREPORTER="1" MOZ_CRASHREPORTER_NO_REPORT="1" MOZ_CRASHREPORTER_SHUTDOWN="1" "/usr/bin/firefox" "--m ... 80" "--remote-debugging-port" "44519" "--remote-allow-hosts" "localhost" "-no-remote" "-profile" "/tmp/rust_mozprofileU064ve"
*** You are running in headless mode.
console.warn: services.settings: Ignoring preference override of remote settings server
console.warn: services.settings: Allow by setting MOZ_REMOTE_SETTINGS_DEVTOOLS=1 in the environment
[GFX1-]: glxtest: Unable to open a connection to the X server
[GFX1-]: No GPUs detected via PCI

1780596005386	Marionette	INFO	Marionette enabled
console.error: "Warning: unrecognized command line flag" "-width"
console.error: "Warning: unrecognized command line flag" "-height"
1780596006094	Marionette	INFO	Listening on port 34605
WebDriver BiDi listening on ws://127.0.0.1:44519
Read port: 34605
1780596006401	RemoteAgent	WARN	TLS certificate errors will be ignored for this session
[GFX1-]: RenderCompositorSWGL failed mapping default framebuffer, no dt
console.warn: RSLoader: Recipe new-tab-151220260328211913-to-beta-150 not returned from collection nimbus-secure-experiments because it contains feature newtabTrainhopAddon, which is disallowed for that collection.
console.warn: RSLoader: Recipe new-tab-151220260328211913-to-release-only-149 not returned from collection nimbus-secure-experiments because it contains feature newtabTrainhopAddon, which is disallowed for that collection.
console.warn: RSLoader: Recipe new-tab-151320260419192959-to-release-only-150 not returned from collection nimbus-secure-experiments because it contains feature newtabTrainhopAddon, which is disallowed for that collection.
console.warn: RSLoader: Recipe new-tab-15202026050433143-to-release-only-150 not returned from collection nimbus-secure-experiments because it contains feature newtabTrainhopAddon, which is disallowed for that collection.
console.warn: RSLoader: Recipe new-tab-153020260521220634-to-release-151 not returned from collection nimbus-secure-experiments because it contains feature newtabTrainhopAddon, which is disallowed for that collection.
console.warn: RSLoader: Recipe new-tab-153120260528133333-to-release-151 not returned from collection nimbus-secure-experiments because it contains feature newtabTrainhopAddon, which is disallowed for that collection.
JavaScript warning: https://js.hs-analytics.net/analytics/1657633500000/7171354.js, line 141: Failed to create WebGL context: WebGL creation failed: 
* WebglAllowWindowsNativeGl:false restricts context creation on this system. ()
* Exhausted GL driver options. (FEATURE_FAILURE_WEBGL_EXHAUSTED_DRIVERS)
JavaScript warning: https://js.hs-analytics.net/analytics/1657633500000/7171354.js, line 141: Failed to create WebGL context: WebGL creation failed: 
* WebglAllowWindowsNativeGl:false restricts context creation on this system. ()
* Exhausted GL driver options. (FEATURE_FAILURE_WEBGL_EXHAUSTED_DRIVERS)
JavaScript error: https://static.hsappstatic.net/feedback-web-renderer-ui/static-1.30191/bundles/fetcher.js, line 1: SecurityError: The operation is insecure.
1780596129865	Marionette	INFO	Stopped listening on port 34605
console.error: "Failed to fetch https://ads.mozilla.org/v1/delete_user:" "NetworkError when attempting to fetch resource."
console.warn: TopSitesFeed: Failed to fetch data from MARS server: NetworkError when attempting to fetch resource.
1780599601793	geckodriver	INFO	Listening on 127.0.0.1:42737
1780599601856	mozrunner::runner	INFO	Running command: MOZ_CRASHREPORTER="1" MOZ_CRASHREPORTER_NO_REPORT="1" MOZ_CRASHREPORTER_SHUTDOWN="1" "/usr/bin/firefox" "--m ... 80" "--remote-debugging-port" "33581" "--remote-allow-hosts" "localhost" "-no-remote" "-profile" "/tmp/rust_mozprofileq5IGxH"
*** You are running in headless mode.
console.warn: services.settings: Ignoring preference override of remote settings server
console.warn: services.settings: Allow by setting MOZ_REMOTE_SETTINGS_DEVTOOLS=1 in the environment
[GFX1-]: glxtest: Unable to open a connection to the X server
[GFX1-]: No GPUs detected via PCI

1780599602241	Marionette	INFO	Marionette enabled
console.error: "Warning: unrecognized command line flag" "-width"
console.error: "Warning: unrecognized command line flag" "-height"
1780599602509	Marionette	INFO	Listening on port 39549
WebDriver BiDi listening on ws://127.0.0.1:33581
Read port: 39549
1780599602687	RemoteAgent	WARN	TLS certificate errors will be ignored for this session
[GFX1-]: RenderCompositorSWGL failed mapping default framebuffer, no dt
console.warn: RSLoader: Recipe new-tab-151220260328211913-to-beta-150 not returned from collection nimbus-secure-experiments because it contains feature newtabTrainhopAddon, which is disallowed for that collection.
console.warn: RSLoader: Recipe new-tab-151220260328211913-to-release-only-149 not returned from collection nimbus-secure-experiments because it contains feature newtabTrainhopAddon, which is disallowed for that collection.
console.warn: RSLoader: Recipe new-tab-151320260419192959-to-release-only-150 not returned from collection nimbus-secure-experiments because it contains feature newtabTrainhopAddon, which is disallowed for that collection.
console.warn: RSLoader: Recipe new-tab-15202026050433143-to-release-only-150 not returned from collection nimbus-secure-experiments because it contains feature newtabTrainhopAddon, which is disallowed for that collection.
console.warn: RSLoader: Recipe new-tab-153020260521220634-to-release-151 not returned from collection nimbus-secure-experiments because it contains feature newtabTrainhopAddon, which is disallowed for that collection.
console.warn: RSLoader: Recipe new-tab-153120260528133333-to-release-151 not returned from collection nimbus-secure-experiments because it contains feature newtabTrainhopAddon, which is disallowed for that collection.
JavaScript warning: https://js.hs-analytics.net/analytics/1657633500000/7171354.js, line 141: Failed to create WebGL context: WebGL creation failed: 
* WebglAllowWindowsNativeGl:false restricts context creation on this system. ()
* Exhausted GL driver options. (FEATURE_FAILURE_WEBGL_EXHAUSTED_DRIVERS)
JavaScript warning: https://js.hs-analytics.net/analytics/1657633500000/7171354.js, line 141: Failed to create WebGL context: WebGL creation failed: 
* WebglAllowWindowsNativeGl:false restricts context creation on this system. ()
* Exhausted GL driver options. (FEATURE_FAILURE_WEBGL_EXHAUSTED_DRIVERS)
JavaScript error: https://static.hsappstatic.net/feedback-web-renderer-ui/static-1.30191/bundles/fetcher.js, line 1: SecurityError: The operation is insecure.
1780599754466	Marionette	INFO	Stopped listening on port 39549
console.error: "Failed to fetch https://ads.mozilla.org/v1/delete_user:" "NetworkError when attempting to fetch resource."
console.warn: TopSitesFeed: Failed to fetch data from MARS server: NetworkError when attempting to fetch resource.
1780603201753	geckodriver	INFO	Listening on 127.0.0.1:56265
1780603202066	mozrunner::runner	INFO	Running command: MOZ_CRASHREPORTER="1" MOZ_CRASHREPORTER_NO_REPORT="1" MOZ_CRASHREPORTER_SHUTDOWN="1" "/usr/bin/firefox" "--m ... 80" "--remote-debugging-port" "49125" "--remote-allow-hosts" "localhost" "-no-remote" "-profile" "/tmp/rust_mozprofilepQ6jEl"
*** You are running in headless mode.
console.warn: services.settings: Ignoring preference override of remote settings server
console.warn: services.settings: Allow by setting MOZ_REMOTE_SETTINGS_DEVTOOLS=1 in the environment
[GFX1-]: glxtest: Unable to open a connection to the X server
[GFX1-]: No GPUs detected via PCI

1780603202888	Marionette	INFO	Marionette enabled
console.error: "Warning: unrecognized command line flag" "-width"
console.error: "Warning: unrecognized command line flag" "-height"
1780603203302	Marionette	INFO	Listening on port 34223
WebDriver BiDi listening on ws://127.0.0.1:49125
Read port: 34223
1780603203634	RemoteAgent	WARN	TLS certificate errors will be ignored for this session
[GFX1-]: RenderCompositorSWGL failed mapping default framebuffer, no dt
console.warn: RSLoader: Recipe new-tab-151220260328211913-to-beta-150 not returned from collection nimbus-secure-experiments because it contains feature newtabTrainhopAddon, which is disallowed for that collection.
console.warn: RSLoader: Recipe new-tab-151220260328211913-to-release-only-149 not returned from collection nimbus-secure-experiments because it contains feature newtabTrainhopAddon, which is disallowed for that collection.
console.warn: RSLoader: Recipe new-tab-151320260419192959-to-release-only-150 not returned from collection nimbus-secure-experiments because it contains feature newtabTrainhopAddon, which is disallowed for that collection.
console.warn: RSLoader: Recipe new-tab-15202026050433143-to-release-only-150 not returned from collection nimbus-secure-experiments because it contains feature newtabTrainhopAddon, which is disallowed for that collection.
console.warn: RSLoader: Recipe new-tab-153020260521220634-to-release-151 not returned from collection nimbus-secure-experiments because it contains feature newtabTrainhopAddon, which is disallowed for that collection.
console.warn: RSLoader: Recipe new-tab-153120260528133333-to-release-151 not returned from collection nimbus-secure-experiments because it contains feature newtabTrainhopAddon, which is disallowed for that collection.
JavaScript warning: https://js.hs-analytics.net/analytics/1657633500000/7171354.js, line 141: Failed to create WebGL context: WebGL creation failed: 
* WebglAllowWindowsNativeGl:false restricts context creation on this system. ()
* Exhausted GL driver options. (FEATURE_FAILURE_WEBGL_EXHAUSTED_DRIVERS)
JavaScript warning: https://js.hs-analytics.net/analytics/1657633500000/7171354.js, line 141: Failed to create WebGL context: WebGL creation failed: 
* WebglAllowWindowsNativeGl:false restricts context creation on this system. ()
* Exhausted GL driver options. (FEATURE_FAILURE_WEBGL_EXHAUSTED_DRIVERS)
JavaScript error: https://static.hsappstatic.net/feedback-web-renderer-ui/static-1.30191/bundles/fetcher.js, line 1: SecurityError: The operation is insecure.
1780603227655	Marionette	INFO	Stopped listening on port 34223
JavaScript warning: https://statusinvest.com.br/lib/ion.rangeSlider/ion.rangeSlider.min.js?v=2.4.27.ABCDEG, line 2: Script terminated by timeout at:
updateScene@https://statusinvest.com.br/lib/ion.rangeSlider/ion.rangeSlider.min.js?v=2.4.27.ABCDEG:2:24402

console.error: "Failed to fetch https://ads.mozilla.org/v1/delete_user:" "NetworkError when attempting to fetch resource."
console.warn: TopSitesFeed: Failed to fetch data from MARS server: NetworkError when attempting to fetch resource.
1780603251605	geckodriver	INFO	Listening on 127.0.0.1:40007
1780607859536	geckodriver	INFO	Listening on 127.0.0.1:56471
1780607860170	mozrunner::runner	INFO	Running command: MOZ_CRASHREPORTER="1" MOZ_CRASHREPORTER_NO_REPORT="1" MOZ_CRASHREPORTER_SHUTDOWN="1" "/usr/bin/firefox" "--m ... 80" "--remote-debugging-port" "59963" "--remote-allow-hosts" "localhost" "-no-remote" "-profile" "/tmp/rust_mozprofileiig1FE"
*** You are running in headless mode.
console.warn: services.settings: Ignoring preference override of remote settings server
console.warn: services.settings: Allow by setting MOZ_REMOTE_SETTINGS_DEVTOOLS=1 in the environment
1780607861793	Marionette	INFO	Marionette enabled
console.error: "Warning: unrecognized command line flag" "-width"
console.error: "Warning: unrecognized command line flag" "-height"
1780607862670	Marionette	INFO	Listening on port 45151
Read port: 45151
WebDriver BiDi listening on ws://127.0.0.1:59963
Read port: 45151
1780607864514	RemoteAgent	WARN	TLS certificate errors will be ignored for this session
[GFX1-]: RenderCompositorSWGL failed mapping default framebuffer, no dt
console.warn: RSLoader: Recipe new-tab-151220260328211913-to-beta-150 not returned from collection nimbus-secure-experiments because it contains feature newtabTrainhopAddon, which is disallowed for that collection.
console.warn: RSLoader: Recipe new-tab-151220260328211913-to-release-only-149 not returned from collection nimbus-secure-experiments because it contains feature newtabTrainhopAddon, which is disallowed for that collection.
console.warn: RSLoader: Recipe new-tab-151320260419192959-to-release-only-150 not returned from collection nimbus-secure-experiments because it contains feature newtabTrainhopAddon, which is disallowed for that collection.
console.warn: RSLoader: Recipe new-tab-15202026050433143-to-release-only-150 not returned from collection nimbus-secure-experiments because it contains feature newtabTrainhopAddon, which is disallowed for that collection.
console.warn: RSLoader: Recipe new-tab-153020260521220634-to-release-151 not returned from collection nimbus-secure-experiments because it contains feature newtabTrainhopAddon, which is disallowed for that collection.
console.warn: RSLoader: Recipe new-tab-153120260528133333-to-release-151 not returned from collection nimbus-secure-experiments because it contains feature newtabTrainhopAddon, which is disallowed for that collection.
GetShaderInfoLog() ->
0:2(12): error: extension `GL_EXT_shader_texture_lod' unsupported in fragment shader

GetShaderSource() ->

#extension GL_EXT_shader_texture_lod: require
void main() {}

[GFX1-]: Couldn't sanitize GL_RENDERER "V3D 7.1.7.0"
[GFX1-]: Couldn't sanitize GL_RENDERER "V3D 7.1.7.0"
JavaScript error: https://static.hsappstatic.net/feedback-web-renderer-ui/static-1.30191/bundles/fetcher.js, line 1: SecurityError: The operation is insecure.
1780607997657	Marionette	INFO	Stopped listening on port 45151
console.error: "Failed to fetch https://ads.mozilla.org/v1/delete_user:" "NetworkError when attempting to fetch resource."
console.warn: TopSitesFeed: Failed to fetch data from MARS server: NetworkError when attempting to fetch resource.
1780610402076	geckodriver	INFO	Listening on 127.0.0.1:34751
1780610402789	mozrunner::runner	INFO	Running command: MOZ_CRASHREPORTER="1" MOZ_CRASHREPORTER_NO_REPORT="1" MOZ_CRASHREPORTER_SHUTDOWN="1" "/usr/bin/firefox" "--m ... 80" "--remote-debugging-port" "48981" "--remote-allow-hosts" "localhost" "-no-remote" "-profile" "/tmp/rust_mozprofileoEmctQ"
*** You are running in headless mode.
console.warn: services.settings: Ignoring preference override of remote settings server
console.warn: services.settings: Allow by setting MOZ_REMOTE_SETTINGS_DEVTOOLS=1 in the environment
[GFX1-]: glxtest: Unable to open a connection to the X server
[GFX1-]: No GPUs detected via PCI

1780610403538	Marionette	INFO	Marionette enabled
console.error: "Warning: unrecognized command line flag" "-width"
console.error: "Warning: unrecognized command line flag" "-height"
1780610404104	Marionette	INFO	Listening on port 35439
WebDriver BiDi listening on ws://127.0.0.1:48981
Read port: 35439
1780610404338	RemoteAgent	WARN	TLS certificate errors will be ignored for this session
[GFX1-]: RenderCompositorSWGL failed mapping default framebuffer, no dt
console.warn: RSLoader: Recipe new-tab-151220260328211913-to-beta-150 not returned from collection nimbus-secure-experiments because it contains feature newtabTrainhopAddon, which is disallowed for that collection.
console.warn: RSLoader: Recipe new-tab-151220260328211913-to-release-only-149 not returned from collection nimbus-secure-experiments because it contains feature newtabTrainhopAddon, which is disallowed for that collection.
console.warn: RSLoader: Recipe new-tab-151320260419192959-to-release-only-150 not returned from collection nimbus-secure-experiments because it contains feature newtabTrainhopAddon, which is disallowed for that collection.
console.warn: RSLoader: Recipe new-tab-15202026050433143-to-release-only-150 not returned from collection nimbus-secure-experiments because it contains feature newtabTrainhopAddon, which is disallowed for that collection.
console.warn: RSLoader: Recipe new-tab-153020260521220634-to-release-151 not returned from collection nimbus-secure-experiments because it contains feature newtabTrainhopAddon, which is disallowed for that collection.
console.warn: RSLoader: Recipe new-tab-153120260528133333-to-release-151 not returned from collection nimbus-secure-experiments because it contains feature newtabTrainhopAddon, which is disallowed for that collection.
JavaScript warning: https://js.hs-analytics.net/analytics/1657633500000/7171354.js, line 141: Failed to create WebGL context: WebGL creation failed: 
* WebglAllowWindowsNativeGl:false restricts context creation on this system. ()
* Exhausted GL driver options. (FEATURE_FAILURE_WEBGL_EXHAUSTED_DRIVERS)
JavaScript warning: https://js.hs-analytics.net/analytics/1657633500000/7171354.js, line 141: Failed to create WebGL context: WebGL creation failed: 
* WebglAllowWindowsNativeGl:false restricts context creation on this system. ()
* Exhausted GL driver options. (FEATURE_FAILURE_WEBGL_EXHAUSTED_DRIVERS)
JavaScript error: https://static.hsappstatic.net/feedback-web-renderer-ui/static-1.30191/bundles/fetcher.js, line 1: SecurityError: The operation is insecure.
1780610538006	Marionette	INFO	Stopped listening on port 35439
console.error: "Failed to fetch https://ads.mozilla.org/v1/delete_user:" "NetworkError when attempting to fetch resource."
console.warn: TopSitesFeed: Failed to fetch data from MARS server: NetworkError when attempting to fetch resource.
1780616050750	geckodriver	INFO	Listening on 127.0.0.1:57395
1780616056655	geckodriver	INFO	Listening on 127.0.0.1:33145
1780616075572	geckodriver	INFO	Listening on 127.0.0.1:50983
1780616078212	mozrunner::runner	INFO	Running command: MOZ_CRASHREPORTER="1" MOZ_CRASHREPORTER_NO_REPORT="1" MOZ_CRASHREPORTER_SHUTDOWN="1" "/usr/bin/firefox" "--m ... 80" "--remote-debugging-port" "42161" "--remote-allow-hosts" "localhost" "-no-remote" "-profile" "/tmp/rust_mozprofile9TmsRT"
*** You are running in headless mode.
console.warn: services.settings: Ignoring preference override of remote settings server
console.warn: services.settings: Allow by setting MOZ_REMOTE_SETTINGS_DEVTOOLS=1 in the environment
1780616100356	Marionette	INFO	Marionette enabled
console.error: "Warning: unrecognized command line flag" "-width"
console.error: "Warning: unrecognized command line flag" "-height"
1780616112183	Marionette	INFO	Listening on port 35573
Read port: 35573
WebDriver BiDi listening on ws://127.0.0.1:42161
Read port: 35573
Read port: 35573
1780616117517	RemoteAgent	WARN	TLS certificate errors will be ignored for this session
[GFX1-]: RenderCompositorSWGL failed mapping default framebuffer, no dt
console.warn: RSLoader: Recipe new-tab-151220260328211913-to-beta-150 not returned from collection nimbus-secure-experiments because it contains feature newtabTrainhopAddon, which is disallowed for that collection.
console.warn: RSLoader: Recipe new-tab-151220260328211913-to-release-only-149 not returned from collection nimbus-secure-experiments because it contains feature newtabTrainhopAddon, which is disallowed for that collection.
console.warn: RSLoader: Recipe new-tab-151320260419192959-to-release-only-150 not returned from collection nimbus-secure-experiments because it contains feature newtabTrainhopAddon, which is disallowed for that collection.
console.warn: RSLoader: Recipe new-tab-15202026050433143-to-release-only-150 not returned from collection nimbus-secure-experiments because it contains feature newtabTrainhopAddon, which is disallowed for that collection.
console.warn: RSLoader: Recipe new-tab-153020260521220634-to-release-151 not returned from collection nimbus-secure-experiments because it contains feature newtabTrainhopAddon, which is disallowed for that collection.
console.warn: RSLoader: Recipe new-tab-153120260528133333-to-release-151 not returned from collection nimbus-secure-experiments because it contains feature newtabTrainhopAddon, which is disallowed for that collection.
[Parent 1192207, IPC I/O Parent] WARNING: process 1198648 exited on signal 15: file ./ipc/chromium/src/chrome/common/process_watcher_posix_sigchld.cc:134
A content process crashed and MOZ_CRASHREPORTER_SHUTDOWN is set, shutting down
JavaScript error: https://statusinvest.com.br/js/components/grid.min.js?v=2.4.27.ABCDEG, line 2: InternalError: too much recursion
JavaScript error: https://statusinvest.com.br/lib/jquery-3.6.0.min.js, line 2: InternalError: too much recursion
A content process crashed and MOZ_CRASHREPORTER_SHUTDOWN is set, shutting down
1780621253610	Marionette	INFO	Stopped listening on port 35573
A content process crashed and MOZ_CRASHREPORTER_SHUTDOWN is set, shutting down
console.error: (new TypeError("WeakMap key null must be an object", "chrome://remote/content/shared/WindowManager.sys.mjs", 189))
console.error: "Failed to fetch https://ads.mozilla.org/v1/delete_user:" "NetworkError when attempting to fetch resource."
console.warn: TopSitesFeed: Failed to fetch data from MARS server: NetworkError when attempting to fetch resource.
console.error: services.settings: 
Object
  - prototype Object
    - columnNumber = 0
    - data = null
    - filename = resource://gre/modules/ServiceRequest.sys.mjs
    - lineNumber = 126
    - location = {"name":"open","filename":"resource://gre/modules/ServiceRequest.sys.mjs","sourceId":25,"lineNumber":126,"columnNumber":11,"asyncCause":null,"asyncCaller":null,"caller":{"filename":"resource://services-settings/Utils.sys.mjs","name":"fetch/<","sourceId":24,"lineNumber":268,"columnNumber":15,"asyncCause":null,"asyncCaller":null,"caller":{"filename":"resource://services-settings/Utils.sys.mjs","name":"fetch","sourceId":24,"lineNumber":219,"columnNumber":12,"asyncCause":null,"asyncCaller":null,"caller":{"filename":"resource://services-settings/Utils.sys.mjs","name":"fetchLatestChanges","sourceId":24,"lineNumber":429,"columnNumber":34,"asyncCause":null,"asyncCaller":null,"caller":{"filename":"resource://services-settings/RemoteSettingsClient.sys.mjs","name":"sync","sourceId":22,"lineNumber":630,"columnNumber":42,"asyncCause":null,"asyncCaller":null,"caller":{"filename":"resource://services-settings/RemoteSettingsClient.sys.mjs","name":"get/this._importingPromise<","sourceId":22,"lineNumber":482,"columnNumber":28,"asyncCause":null,"asyncCaller":null,"caller":null,"formattedStack":"get/this._importingPromise<@resource://services-settings/RemoteSettingsClient.sys.mjs:482:28\n","nativeSavedFrame":{}},"formattedStack":"sync@resource://services-settings/RemoteSettingsClient.sys.mjs:630:42\nget/this._importingPromise<@resource://services-settings/RemoteSettingsClient.sys.mjs:482:28\n","nativeSavedFrame":{}},"formattedStack":"fetchLatestChanges@resource://services-settings/Utils.sys.mjs:429:34\nsync@resource://services-settings/RemoteSettingsClient.sys.mjs:630:42\nget/this._importingPromise<@resource://services-settings/RemoteSettingsClient.sys.mjs:482:28\n","nativeSavedFrame":{}},"formattedStack":"fetch@resource://services-settings/Utils.sys.mjs:219:12\nfetchLatestChanges@resource://services-settings/Utils.sys.mjs:429:34\nsync@resource://services-settings/RemoteSettingsClient.sys.mjs:630:42\nget/this._importingPromise<@resource://services-settings/RemoteSettingsClient.sys.mjs:482:28\n","nativeSavedFrame":{}},"formattedStack":"fetch/<@resource://services-settings/Utils.sys.mjs:268:15\nfetch@resource://services-settings/Utils.sys.mjs:219:12\nfetchLatestChanges@resource://services-settings/Utils.sys.mjs:429:34\nsync@resource://services-settings/RemoteSettingsClient.sys.mjs:630:42\nget/this._importingPromise<@resource://services-settings/RemoteSettingsClient.sys.mjs:482:28\n","nativeSavedFrame":{}},"formattedStack":"open@resource://gre/modules/ServiceRequest.sys.mjs:126:11\nfetch/<@resource://services-settings/Utils.sys.mjs:268:15\nfetch@resource://services-settings/Utils.sys.mjs:219:12\nfetchLatestChanges@resource://services-settings/Utils.sys.mjs:429:34\nsync@resource://services-settings/RemoteSettingsClient.sys.mjs:630:42\nget/this._importingPromise<@resource://services-settings/RemoteSettingsClient.sys.mjs:482:28\n","nativeSavedFrame":{}}
    - message = 
    - name = 
    - result = 2152071198
    - stack = open@resource://gre/modules/ServiceRequest.sys.mjs:126:11|fetch/<@resource://services-settings/Utils.sys.mjs:268:15|fetch@resource://services-settings/Utils.sys.mjs:219:12|fetchLatestChanges@resource://services-settings/Utils.sys.mjs:429:34|sync@resource://services-settings/RemoteSettingsClient.sys.mjs:630:42|get/this._importingPromise<@resource://services-settings/RemoteSettingsClient.sys.mjs:482:28|
  - prototype Object
console.warn: services.settings: main/message-groups sync interrupted by shutdown
console.warn: services.settings: security-state/onecrl sync interrupted by shutdown
console.warn: services.settings: main/search-config-v2 sync interrupted by shutdown
console.warn: services.settings: main/search-config-icons sync interrupted by shutdown
console.warn: services.settings: main/moz-essential-domain-fallbacks sync interrupted by shutdown
console.warn: services.settings: main/search-default-override-allowlist sync interrupted by shutdown
console.warn: services.settings: main/urlbar-persisted-search-terms sync interrupted by shutdown
console.warn: services.settings: main/fingerprinting-protection-overrides sync interrupted by shutdown
console.warn: services.settings: main/devtools-devices sync interrupted by shutdown
console.warn: services.settings: blocklists/gfx sync interrupted by shutdown
console.warn: services.settings: main/remote-permissions sync interrupted by shutdown
console.warn: services.settings: main/doh-providers sync interrupted by shutdown
console.warn: services.settings: main/websites-with-shared-credential-backends sync interrupted by shutdown
console.warn: services.settings: main/password-rules sync interrupted by shutdown
console.warn: services.settings: main/top-sites sync interrupted by shutdown
console.error: (new AbortError("IndexedDB: main/rally-studies-v2 getLastModified() IndexedDB:  execute() A request was aborted, for example through a call to IDBTransaction.abort.", "resource://services-settings/IDBHelpers.sys.mjs", 16))
1780664401523	geckodriver	INFO	Listening on 127.0.0.1:46599
1780664402292	mozrunner::runner	INFO	Running command: MOZ_CRASHREPORTER="1" MOZ_CRASHREPORTER_NO_REPORT="1" MOZ_CRASHREPORTER_SHUTDOWN="1" "/usr/bin/firefox" "--m ... 80" "--remote-debugging-port" "35865" "--remote-allow-hosts" "localhost" "-no-remote" "-profile" "/tmp/rust_mozprofileBtCNim"
*** You are running in headless mode.
console.warn: services.settings: Ignoring preference override of remote settings server
console.warn: services.settings: Allow by setting MOZ_REMOTE_SETTINGS_DEVTOOLS=1 in the environment
[GFX1-]: glxtest: Unable to open a connection to the X server
[GFX1-]: No GPUs detected via PCI

1780664403102	Marionette	INFO	Marionette enabled
console.error: "Warning: unrecognized command line flag" "-width"
console.error: "Warning: unrecognized command line flag" "-height"
1780664403463	Marionette	INFO	Listening on port 34227
WebDriver BiDi listening on ws://127.0.0.1:35865
Read port: 34227
1780664403606	RemoteAgent	WARN	TLS certificate errors will be ignored for this session
[GFX1-]: RenderCompositorSWGL failed mapping default framebuffer, no dt
console.warn: RSLoader: Recipe new-tab-151220260328211913-to-beta-150 not returned from collection nimbus-secure-experiments because it contains feature newtabTrainhopAddon, which is disallowed for that collection.
console.warn: RSLoader: Recipe new-tab-151220260328211913-to-release-only-149 not returned from collection nimbus-secure-experiments because it contains feature newtabTrainhopAddon, which is disallowed for that collection.
console.warn: RSLoader: Recipe new-tab-151320260419192959-to-release-only-150 not returned from collection nimbus-secure-experiments because it contains feature newtabTrainhopAddon, which is disallowed for that collection.
console.warn: RSLoader: Recipe new-tab-15202026050433143-to-release-only-150 not returned from collection nimbus-secure-experiments because it contains feature newtabTrainhopAddon, which is disallowed for that collection.
console.warn: RSLoader: Recipe new-tab-153020260521220634-to-release-151 not returned from collection nimbus-secure-experiments because it contains feature newtabTrainhopAddon, which is disallowed for that collection.
console.warn: RSLoader: Recipe new-tab-153120260528133333-to-release-151 not returned from collection nimbus-secure-experiments because it contains feature newtabTrainhopAddon, which is disallowed for that collection.
JavaScript warning: https://js.hs-analytics.net/analytics/1657633500000/7171354.js, line 141: Failed to create WebGL context: WebGL creation failed: 
* WebglAllowWindowsNativeGl:false restricts context creation on this system. ()
* Exhausted GL driver options. (FEATURE_FAILURE_WEBGL_EXHAUSTED_DRIVERS)
JavaScript warning: https://js.hs-analytics.net/analytics/1657633500000/7171354.js, line 141: Failed to create WebGL context: WebGL creation failed: 
* WebglAllowWindowsNativeGl:false restricts context creation on this system. ()
* Exhausted GL driver options. (FEATURE_FAILURE_WEBGL_EXHAUSTED_DRIVERS)
JavaScript error: https://static.hsappstatic.net/feedback-web-renderer-ui/static-1.30200/bundles/fetcher.js, line 1: SecurityError: The operation is insecure.
1780664535695	Marionette	INFO	Stopped listening on port 34227
console.error: "Failed to fetch https://ads.mozilla.org/v1/delete_user:" "NetworkError when attempting to fetch resource."
console.warn: TopSitesFeed: Failed to fetch data from MARS server: NetworkError when attempting to fetch resource.
1780668001430	geckodriver	INFO	Listening on 127.0.0.1:43115
1780668001458	mozrunner::runner	INFO	Running command: MOZ_CRASHREPORTER="1" MOZ_CRASHREPORTER_NO_REPORT="1" MOZ_CRASHREPORTER_SHUTDOWN="1" "/usr/bin/firefox" "--m ... 80" "--remote-debugging-port" "36347" "--remote-allow-hosts" "localhost" "-no-remote" "-profile" "/tmp/rust_mozprofilef7k4HU"
*** You are running in headless mode.
console.warn: services.settings: Ignoring preference override of remote settings server
console.warn: services.settings: Allow by setting MOZ_REMOTE_SETTINGS_DEVTOOLS=1 in the environment
[GFX1-]: glxtest: Unable to open a connection to the X server
[GFX1-]: No GPUs detected via PCI

1780668001812	Marionette	INFO	Marionette enabled
console.error: "Warning: unrecognized command line flag" "-width"
console.error: "Warning: unrecognized command line flag" "-height"
1780668002501	Marionette	INFO	Listening on port 42911
WebDriver BiDi listening on ws://127.0.0.1:36347
Read port: 42911
1780668002710	RemoteAgent	WARN	TLS certificate errors will be ignored for this session
[GFX1-]: RenderCompositorSWGL failed mapping default framebuffer, no dt
console.warn: RSLoader: Recipe new-tab-151220260328211913-to-beta-150 not returned from collection nimbus-secure-experiments because it contains feature newtabTrainhopAddon, which is disallowed for that collection.
console.warn: RSLoader: Recipe new-tab-151220260328211913-to-release-only-149 not returned from collection nimbus-secure-experiments because it contains feature newtabTrainhopAddon, which is disallowed for that collection.
console.warn: RSLoader: Recipe new-tab-151320260419192959-to-release-only-150 not returned from collection nimbus-secure-experiments because it contains feature newtabTrainhopAddon, which is disallowed for that collection.
console.warn: RSLoader: Recipe new-tab-15202026050433143-to-release-only-150 not returned from collection nimbus-secure-experiments because it contains feature newtabTrainhopAddon, which is disallowed for that collection.
console.warn: RSLoader: Recipe new-tab-153020260521220634-to-release-151 not returned from collection nimbus-secure-experiments because it contains feature newtabTrainhopAddon, which is disallowed for that collection.
console.warn: RSLoader: Recipe new-tab-153120260528133333-to-release-151 not returned from collection nimbus-secure-experiments because it contains feature newtabTrainhopAddon, which is disallowed for that collection.
JavaScript warning: https://js.hs-analytics.net/analytics/1657633500000/7171354.js, line 141: Failed to create WebGL context: WebGL creation failed: 
* WebglAllowWindowsNativeGl:false restricts context creation on this system. ()
* Exhausted GL driver options. (FEATURE_FAILURE_WEBGL_EXHAUSTED_DRIVERS)
JavaScript warning: https://js.hs-analytics.net/analytics/1657633500000/7171354.js, line 141: Failed to create WebGL context: WebGL creation failed: 
* WebglAllowWindowsNativeGl:false restricts context creation on this system. ()
* Exhausted GL driver options. (FEATURE_FAILURE_WEBGL_EXHAUSTED_DRIVERS)
JavaScript error: https://static.hsappstatic.net/feedback-web-renderer-ui/static-1.30200/bundles/fetcher.js, line 1: SecurityError: The operation is insecure.
1780668128678	Marionette	INFO	Stopped listening on port 42911
console.error: "Failed to fetch https://ads.mozilla.org/v1/delete_user:" "NetworkError when attempting to fetch resource."
console.warn: TopSitesFeed: Failed to fetch data from MARS server: NetworkError when attempting to fetch resource.
